company,projectName,location,country,industry,region,type,services,date,completed,description,lat,lng
Gail (India) Limited,Hiring of services for side scan sonar survey in major waterbody crossings of ng pipelines in KG basin,"KG BASIN, andhra pradesh, INDIA",India,Oil & Gas,Asia,Geophysical Survey,Geophysical Survey,01-04-2026,,Hiring of services for side scan sonar survey in major waterbody crossings of ng pipelines in KG basin.,16.9891,82.2475
Larsen & Toubro Limited (Construction),Geophysical Survey at Ullas River,"Ullas River, Maharashtra",India,Engineering & Construction,Asia,Geophysical Survey,Geophysical Survey,01-02-2026,Completed in Mar 2026,Geophysical Survey at Ullas River. (Completed in Mar 2026),19.2183,73.0525
E-Marine PJSC,"Hiring of Dive Swim, Topographic & Inshore Survey Services at Barka, Oman.",Oman,Oman,Submarine Cable Contractors,Middle East,Topographic AND Inshore Survey,Topographic Survey; Bathymetry Survey,01-11-2025,Completed in Feb 2026,"Hiring of Dive Swim, Topographic & Inshore Survey Services at Barka, Oman (Completed in Feb 2026)",23.6,58.5
Cemindia Projects Limited,"Multibeam Bathymetry Survey Breakwater, Vizhinjam, Kerala","Vizhinjam, Kerala",India,Engineering & Construction,Asia,Bathymetry Survey,Bathymetry Survey,01-09-2025,,"Multibeam Bathymetry Survey Breakwater, Vizhinjam, Kerala.",8.378,76.99
EGS Survey Middle East LLC FZ,Hire of Personnel,Singapore,Singapore,Submarine Cable Contractors,Asia,Desktop Study,Desktop Study for Offshore Projects; Submarine Cable Route Surveys,01-08-2025,Completed in Dec 2025,Hire of Personnel. (Completed in Dec 2025),1.3521,103.8198
Tridel Meteorology Projects Contracting LLC,Hiring of Personnel and Equipment for survey project in Bahrain,Bahrain,Bahrain,Survey & Geoscience Contractors,Middle East,Desktop Study AND Equipment for survey,Desktop Study for Offshore Projects,01-08-2025,Completed in Dec 2025,Hiring of Personnel and Equipment for survey project in Bahrain. (Completed in Dec 2025),26.07,50.56
Sadhav Shipping Ltd.,Inspection of Multibeam System (ELAC 1185 system),Not specified,India,Survey & Geoscience Contractors,Asia,Bathymetry Survey,Bathymetry Survey,01-07-2025,,Inspection of Multibeam System (ELAC 1185 system).,19.076,72.8777
The Shipping Corporation of India,Provision of INMARSAT based differential global positioning system for ONGC owned Geotechnical Vessel (GTV) SAMUDRA SARVEKSHAK.,survey,India,"Government, Defence & Public Sector",Asia,Wide Area Positioning Services,Wide Area Positioning Services,01-06-2025,,Provision of INMARSAT based differential global positioning system for ONGC owned Geotechnical Vessel (GTV) SAMUDRA SARVEKSHAK,19.076,72.8777
Inland Waterways Authority of India,"Detailed Hydrographic Surveys for various National Waterways (NW-10, NW-28 & NW-53) in Maharashtra","National Waterways, India",India,"Government, Defence & Public Sector",Asia,Hydrographic Surveys,Bathymetry Survey,01-06-2025,Completed in Apr 2026,"Detailed Hydrographic Surveys for various National Waterways (NW-10, NW-28 & NW-53) in Maharashtra. (Completed in Apr 2026)",24,82
EGS Survey Middle East LLC FZ,Hire of Personnel,Not specified,India,Submarine Cable Contractors,Asia,Desktop Study,Desktop Study for Offshore Projects; Submarine Cable Route Surveys,01-05-2025,Completed in Jun 2025,Hire of Personnel. (Completed in Jun 2025),19.076,72.8777
Ultra Dimensions Pvt. Ltd.,Bathymetry Survey with MBES at SBC Visakhapatnam,"Visakhapatnam, Andhra Pradesh",India,Survey & Geoscience Contractors,Asia,Bathymetry Survey,Bathymetry Survey,01-05-2025,Completed in Jun 2025,Bathymetry Survey with MBES at SBC Visakhapatnam. (Completed in Jun 2025),17.687,83.219
IndoAsia Copper Limited,Bathymetry Survey (Jafrabad to Victor Port),"Jafrabad, Gujarat",India,Survey & Geoscience Contractors,Asia,Bathymetry Survey,Bathymetry Survey,01-03-2025,Completed in Apr 2025,Bathymetry Survey (Jafrabad to Victor Port). (Completed in Apr 2025),20.87,71.37
Afcons Infrastructure Limited,Bathymetry Survey Work at AMCSWF Project,"Mundra, Gujarat",India,Engineering & Construction,Asia,Bathymetry Survey,Bathymetry Survey,01-03-2025,Completed in Jun 2025,Bathymetry Survey Work at AMCSWF Project. (Completed in Jun 2025),22.839,69.721
Shanker Survey Pvt. Ltd.,Hire of Equipment and Personnel (Assam),Assam,India,Survey & Geoscience Contractors,Asia,Hire of Equipment,Bathymetry Survey,01-03-2025,Completed in Mar 2025,Hire of Equipment and Personnel (Assam). (Completed in Mar 2025),26.14,91.73
Shanker Survey Pvt. Ltd.,Hire of Equipment and Personnel (Chhara),"Chhara, Gujarat",India,Survey & Geoscience Contractors,Asia,Hire of Equipment,Bathymetry Survey,01-01-2025,Completed in Apr 2025,Hire of Equipment and Personnel (Chhara). (Completed in Apr 2025),20.72,71.53
IndoAsia Copper Limited,Bathymetry Survey (Victor Port),"Jafrabad, Gujarat",India,Survey & Geoscience Contractors,Asia,Bathymetry Survey,Bathymetry Survey,01-12-2024,Completed in Mar 2025,Bathymetry Survey (Victor Port). (Completed in Mar 2025),20.87,71.37
Navitech Hydrographics (India) Pvt. Ltd.,Hire of Equipment and Personnel,Not specified,India,Survey & Geoscience Contractors,Asia,Hire of Equipment,Bathymetry Survey,01-11-2024,Completed in Nov 2024,Hire of Equipment and Personnel. (Completed in Nov 2024),19.076,72.8777
Geostar Surveys India Pvt. Ltd.,Provision of GeoSwath Multibeam Echosounder Operator / Processor,Not specified,India,Survey & Geoscience Contractors,Asia,Bathymetry Survey,Bathymetry Survey,01-11-2024,Completed in Nov 2024,Provision of GeoSwath Multibeam Echosounder Operator / Processor. (Completed in Nov 2024),19.076,72.8777
Shankar Survey Pvt. Ltd.,Hire of Equipment and Personnel,Not specified,India,Survey & Geoscience Contractors,Asia,Hire of Equipment,Bathymetry Survey,01-11-2024,Completed in Oct 2024,Hire of Equipment and Personnel. (Completed in Oct 2024),19.076,72.8777
Telecommunications Consultants India Limited,Consultancy partner for DPR preparation on indigenous submarine cable repair facility in India,Not specified,India,Telecom Operators & Cable Owners,Asia,DPR Preparation,DPR Preparation for Offshore Industry,01-08-2024,Completed in Nov 2025,Consultancy partner for DPR preparation on indigenous submarine cable repair facility in India. (Completed in Nov 2025),28.6139,77.209
Zenith Survey (I) Pvt. Ltd.,Hire of Equipment and Personnel,Not specified,India,Survey & Geoscience Contractors,Asia,Hire of Equipment AND Geophysical Survey,Geophysical Survey,01-05-2024,Completed in May 2024,Hire of Equipment and Personnel. (Completed in May 2024),19.076,72.8777
AMNS Port Hazira Limited,Magnetometer and Multibeam survey,"Hazira, Gujarat",India,"Ports, Shipyards & Harbours",Asia,Bathymetry Survey,Bathymetry Survey,01-05-2024,Completed in May 2024,Magnetometer and Multibeam survey. (Completed in May 2024),21.114,72.617
Geostar Surveys India Pvt. Ltd.,Hire of ADCP and Personnel,Not specified,India,Survey & Geoscience Contractors,Asia,Bathymetry Survey,Bathymetry Survey,01-05-2024,Completed in May 2024,Hire of ADCP and Personnel. (Completed in May 2024),19.076,72.8777
SAExploration Inc-Marine,DGPS and GYRO verification for 3 vessels at Mumbai Port,"Mumbai, Maharashtra",India,Oil & Gas,Asia,Wide Area Positioning Services,Wide Area Positioning Services,01-02-2024,Completed in February 2024,DGPS and GYRO verification for 3 vessels at Mumbai Port. (Completed in February 2024),18.95,72.9
The Shipping Corporation of India,Provision of INMARSAT based differential global positioning system for ONGC owned Geotechnical Vessel (GTV) SAMUDRA SARVEKSHAK.,Not specified,India,"Government, Defence & Public Sector",Asia,Wide Area Positioning Services,Wide Area Positioning Services,01-01-2024,Completed in Jun 2025,Provision of INMARSAT based differential global positioning system for ONGC owned Geotechnical Vessel (GTV) SAMUDRA SARVEKSHAK (Completed in Jun 2025),19.076,72.8777
EGS (Asia) Limited,Provision of Personnel Support onboard EGS Surveyor (Singapore),Singapore,Singapore,Submarine Cable Contractors,Asia,Submarine Cable Route Surveys,Submarine Cable Route Surveys,01-01-2024,Completed in February 2024,Provision of Personnel Support onboard EGS Surveyor (Singapore). (Completed in February 2024),1.35,103.82
Adani Hazira Port Ltd.,"Acoustic Doppler Current Profiler (ADCP), Geophysical (Sub-bottom profiler) Survey & Multibeam Bathymetry survey works at South Gujarat Coast (Bhagod & Nargol)","Hazira, Gujarat",India,"Ports, Shipyards & Harbours",Asia,Bathymetry Survey,Bathymetry Survey,01-10-2023,Completed ADCP work in March 2024,"Acoustic Doppler Current Profiler (ADCP), Geophysical (Sub-bottom profiler) Survey & Multibeam Bathymetry survey works at South Gujarat Coast (Bhagod & Nargol). (Completed ADCP work in March 2024)",21.114,72.617
SAExploration Inc-Marine,DGPS and GYRO verification for 3 vessels at Mumbai Port,"Mumbai, Maharashtra",India,Oil & Gas,Asia,Wide Area Positioning Services,Wide Area Positioning Services,01-09-2023,Completed in September 2023,DGPS and GYRO verification for 3 vessels at Mumbai Port. (Completed in September 2023),18.95,72.9
Reliance Industries Limited Kakinada,Inspection services for shallow water asset integrity as per SOW for block : KG-DWN-98/3,"Kakinada, Andhra Pradesh",India,Oil & Gas,Asia,Shallow & Deep Water Oceanography,Shallow & Deep Water Oceanography,01-08-2023,Completed in May 2024,Inspection services for shallow water asset integrity as per SOW for block : KG-DWN-98/3. (Completed in May 2024),16.989,82.247
National Institute of Ocean Technology,Conducting Bathymetry Survey along the Tamil Nadu Coast.,Tamil Nadu Coast,India,Academia & Research,Asia,Bathymetry Survey,Bathymetry Survey,01-07-2023,Completed in Dec 2024,Conducting Bathymetry Survey along the Tamil Nadu Coast (Completed in Dec 2024),10.9416,79.8485
GAIL India Limited,Side scan sonar survey in rivers at pipeline crossings of DBPL pipeline including SPUR lines,Not specified,India,Oil & Gas,Asia,Offshore Platform Site & Pipeline Route Surveys,Offshore Platform Site & Pipeline Route Surveys,01-06-2023,Completed in February 2024,Side scan sonar survey in rivers at pipeline crossings of DBPL pipeline including SPUR lines. (Completed in February 2024),19.076,72.8777
Zenith Survey (I) Pvt. Ltd.,Hiring of survey equipment and manpower,Not specified,India,Survey & Geoscience Contractors,Asia,Bathymetry Survey,Bathymetry Survey,01-05-2023,Completed in June 2023,Hiring of survey equipment and manpower. (Completed in June 2023),19.076,72.8777
DNOCS Limited,Services for test/trial of multibeam Echosounder - Payra Port Authority,Bangladesh,Bangladesh,"Ports, Shipyards & Harbours",Asia,Bathymetry Survey,Bathymetry Survey,01-05-2023,Completed in June 2023,Services for test/trial of multibeam Echosounder - Payra Port Authority. (Completed in June 2023),22,90.5
International Seaport Dredging,Provision of Multibeam set with operator,Not specified,India,Engineering & Construction,Asia,Bathymetry Survey,Bathymetry Survey,01-04-2023,Completed in May 2023,Provision of Multibeam set with operator. (Completed in May 2023),19.076,72.8777
EGS (Asia) Limited,Provision of Personnel Support onboard Ocean Invincible for RAMAN Project,RAMAN,India,Submarine Cable Contractors,Asia,Submarine Cable Route Surveys,Submarine Cable Route Surveys,01-04-2023,Completed in April 2023,Provision of Personnel Support onboard Ocean Invincible for RAMAN Project. (Completed in April 2023),19.076,72.8777
Amphibia Consultants Pvt. Ltd.,Marine Route Survey (inshore) for RAMAN Fiber Optic Cable System.,RAMAN,India,Telecom Operators & Cable Owners,Asia,Submarine Cable Route Surveys,Submarine Cable Route Surveys,01-04-2023,Completed in April 2023,Marine Route Survey (inshore) for RAMAN Fiber Optic Cable System (Completed in April 2023),19.076,72.8777
SAExploration Inc-Marine,Navigation Calibration of two vessels Nand Sarthi and Parasea,Not specified,India,Oil & Gas,Asia,Bathymetry Survey,Bathymetry Survey,01-03-2023,Completed in March 2023,Navigation Calibration of two vessels Nand Sarthi and Parasea. (Completed in March 2023),19.076,72.8777
Zenith Survey (I) Pvt. Ltd.,"Provision of Survey Equipment and Team for Dahej Project Site, Gujarat","Dahej, Gujarat",India,Survey & Geoscience Contractors,Asia,Bathymetry Survey,Bathymetry Survey,01-03-2023,Completed in March 2023,"Provision of Survey Equipment and Team for Dahej Project Site, Gujarat. (Completed in March 2023)",21.702,72.584
SAExploration Inc-Marine,Provision of 125 KHz Multibeam System at Hazira,"Hazira, Gujarat",India,Oil & Gas,Asia,Shallow & Deep Water Oceanography,Shallow & Deep Water Oceanography,01-02-2023,Completed in April 2023,Provision of 125 KHz Multibeam System at Hazira. (Completed in April 2023),21.114,72.617
EGS (Asia) Limited,Provision of Personnel Support onboard Ocean Invincible (KSA),Saudi Arabia,Saudi Arabia,Submarine Cable Contractors,Middle East,Bathymetry Survey,Bathymetry Survey; Submarine Cable Route Surveys,01-02-2023,Completed in March 2023,Provision of Personnel Support onboard Ocean Invincible (KSA). (Completed in March 2023),26,50.1
SAExploration Inc-Marine,Service of Survey Engineer for shallow water hazard survey at Hazira,"Hazira, Gujarat",India,Oil & Gas,Asia,Offshore Platform Site & Pipeline Route Surveys,Offshore Platform Site & Pipeline Route Surveys,01-01-2023,Completed in April 2023,Service of Survey Engineer for shallow water hazard survey at Hazira. (Completed in April 2023),21.114,72.617
International Seaport Dredging,Provision of Single Beam System and Operators at Kakinada,"Kakinada, Andhra Pradesh",India,Engineering & Construction,Asia,Bathymetry Survey,Bathymetry Survey,01-01-2023,Completed in February 2023,Provision of Single Beam System and Operators at Kakinada. (Completed in February 2023),16.989,82.247
International Seaport Dredging,Provision of Multibeam System and Operators at Kakinada,"Kakinada, Andhra Pradesh",India,Engineering & Construction,Asia,Bathymetry Survey,Bathymetry Survey,01-01-2023,Completed in February 2023,Provision of Multibeam System and Operators at Kakinada. (Completed in February 2023),16.989,82.247
Gujarat Pipavav Port Ltd.,Bathymetric Survey for Maintenance Dredging works at Gujarat Pipavav Port Limited (APM Terminals Pipavav),"Pipavav, Gujarat",India,"Ports, Shipyards & Harbours",Asia,Bathymetry Survey,Bathymetry Survey,01-01-2023,Completed,Bathymetric Survey for Maintenance Dredging works at Gujarat Pipavav Port Limited (APM Terminals Pipavav). (Completed),20.92,71.51
Lightstorm Telecom Connectivity Private Limited,"Desktop Study including site visits at Mahuva, Daman and Alibaug site",Nargol/Daman,India,Telecom Operators & Cable Owners,Asia,Desktop Study for Offshore Projects,Desktop Study for Offshore Projects,01-11-2022,Completed in November 2022,"Desktop Study including site visits at Mahuva, Daman and Alibaug site. (Completed in November 2022)",20.2,72.75
SAExploration Inc-Marine,DGPS and GYRO verification for 3 vessels,Not specified,India,Oil & Gas,Asia,Wide Area Positioning Services,Wide Area Positioning Services,01-11-2022,Completed in December 2022,DGPS and GYRO verification for 3 vessels. (Completed in December 2022),19.076,72.8777
DNOCS Limited / OMC Bangladesh,Services for Test / Trial and Training of Multibeam Echo Sounder,Bangladesh,Bangladesh,"Ports, Shipyards & Harbours",Asia,Bathymetry Survey,Bathymetry Survey,01-10-2022,Completed in November 2022,Services for Test / Trial and Training of Multibeam Echo Sounder. (Completed in November 2022),22,90.5
Adani Port & Special Economic Zone Ltd.,Mundra Intake Outfall Study,"Mundra, Gujarat",India,"Ports, Shipyards & Harbours",Asia,Consultancy for Offshore Projects,Consultancy for Offshore Projects,01-08-2022,Completed in October 2022,Mundra Intake Outfall Study. (Completed in October 2022),22.839,69.721
Sati Drugs & Surgicals,"Training for Side Scan Sonar - PULSAR at Fire & Emergency Services, Assam, Guwahati",Assam,India,Industrial & Materials,Asia,Consultancy for Offshore Projects,Consultancy for Offshore Projects,01-07-2022,Completed in August 2022,"Training for Side Scan Sonar - PULSAR at Fire & Emergency Services, Assam, Guwahati. (Completed in August 2022)",26.14,91.73
Petronet LNG,Bathymetry Survey at Dahej,"Dahej, Gujarat",India,Oil & Gas,Asia,Bathymetry Survey,Bathymetry Survey,01-07-2022,Completed in October 2022,Bathymetry Survey at Dahej. (Completed in October 2022),21.702,72.584
EGS (Asia) Ltd.,Provision of Survey Personnel Support for Israel Landfall Survey and Reporting,Israel,Israel,Submarine Cable Contractors,Middle East,Submarine Cable Route Surveys AND Bathymetry Survey,Submarine Cable Route Surveys; Bathymetry Survey,01-07-2022,Completed in September 2022,Provision of Survey Personnel Support for Israel Landfall Survey and Reporting. (Completed in September 2022),32.08,34.78
EGS (Asia) Ltd.,Provision of Personnel Support onboard Northern Endeavour,Not specified,Singapore,Submarine Cable Contractors,Asia,Submarine Cable Route Surveys,Submarine Cable Route Surveys,01-07-2022,Completed in August 2022,Provision of Personnel Support onboard Northern Endeavour. (Completed in August 2022),1.3521,103.8198
Atlantis Consultancy / Lightstorm,"Mini DTS at Versova Mumbai, Mandvi, Kochi, Digha, Chennai and Machlipatnam","Chennai, Tamil Nadu",India,Telecom Operators & Cable Owners,Asia,Desktop Study for Offshore Projects,Desktop Study for Offshore Projects,01-06-2022,Completed in October 2022,"Mini DTS at Versova Mumbai, Mandvi, Kochi, Digha, Chennai and Machlipatnam. (Completed in October 2022)",13.083,80.27
EGS (Asia) Ltd.,Site visits for SMW6 cable project in India (Mumbai and Chennai),"Chennai, Tamil Nadu",India,Submarine Cable Contractors,Asia,Submarine Cable Route Surveys,Submarine Cable Route Surveys,01-03-2022,Completed in May 2022,Site visits for SMW6 cable project in India (Mumbai and Chennai). (Completed in May 2022),13.083,80.27
Shree Krishna Stevedores Pvt Ltd.,Search Survey of sunken vessel Shree Krishna VIII off Goa,Goa,India,"Marine Salvage, Diving & Shipping",Asia,Geophysical Survey,Geophysical Survey,01-02-2022,Completed in February 2022,Search Survey of sunken vessel Shree Krishna VIII off Goa. (Completed in February 2022),15.4,73.8
Tata Communications Transformations Services Limited,Selection of Independent Monitoring Agency for Submarine Optical Fibre Cable Project for Kochi Lakshadweep Islands,Lakshadweep,India,Telecom Operators & Cable Owners,Asia,Submarine Cable Route Surveys,Submarine Cable Route Surveys,01-12-2021,Completed in May 2023,Selection of Independent Monitoring Agency for Submarine Optical Fibre Cable Project for Kochi Lakshadweep Islands. (Completed in May 2023),10.57,72.64
EGS Asia Ltd,Support services on vessel Northern Endeavour for IAX/IEX project,Not specified,India,Submarine Cable Contractors,Asia,Submarine Cable Route Surveys,Submarine Cable Route Surveys,01-11-2021,Completed June 2022,Support services on vessel Northern Endeavour for IAX/IEX project. (Completed June 2022),19.076,72.8777
Amphibia Consultants,"Marine Route Survey for Submarine Fibre Optic Cable System Projects, at West Coast and East Coast of India",Not specified,India,Telecom Operators & Cable Owners,Asia,Submarine Cable Route Surveys,Submarine Cable Route Surveys,01-11-2021,Completed June 2022,"Marine Route Survey for Submarine Fibre Optic Cable System Projects, at West Coast and East Coast of India. (Completed June 2022)",19.076,72.8777
Atlantis Consultants Pvt. Ltd.,Mumbai (Juhu and Versova) site visit for Desktop Study,"Mumbai, Maharashtra",India,Telecom Operators & Cable Owners,Asia,Desktop Study for Offshore Projects,Desktop Study for Offshore Projects,01-11-2021,Completed in November 2021,Mumbai (Juhu and Versova) site visit for Desktop Study. (Completed in November 2021),18.95,72.9
Petronet LNG Limited (Dahej),Bathymetry Survey at Dahej,"Dahej, Gujarat",India,Oil & Gas,Asia,Bathymetry Survey,Bathymetry Survey,01-09-2021,Completed in December 2021,Bathymetry Survey at Dahej. (Completed in December 2021),21.702,72.584
UltraTech Cement Limited,Topography Work at GCW and Topography & Marine Survey Work at Jafrabad,"Jafrabad, Gujarat",India,Industrial & Materials,Asia,Topographic Survey,Topographic Survey,01-09-2021,Completed in October 2021,Topography Work at GCW and Topography & Marine Survey Work at Jafrabad. (Completed in October 2021),20.87,71.37
SARK EPC Projects Pvt. Ltd,Offshore CIPL survey on Uran Mandwa pipeline for GAIL Mumbai Project,"Mumbai, Maharashtra",India,Engineering & Construction,Asia,Offshore Platform Site & Pipeline Route Surveys,Offshore Platform Site & Pipeline Route Surveys,01-09-2021,Completed in December 2021,Offshore CIPL survey on Uran Mandwa pipeline for GAIL Mumbai Project. (Completed in December 2021),18.95,72.9
The Shipping Corporation of India Limited,Provision of INMARSAT based differential global positioning system for ONGC owned Geotechnical Vessel (GTV) SAMUDRA SARVEKSHAK,Not specified,India,"Government, Defence & Public Sector",Asia,Wide Area Positioning Services,Wide Area Positioning Services,01-08-2021,Completed in December 2023,Provision of INMARSAT based differential global positioning system for ONGC owned Geotechnical Vessel (GTV) SAMUDRA SARVEKSHAK. (Completed in December 2023),19.076,72.8777
EGS (Asia) Ltd.,RAMAN - Site visit in Mumbai,"Mumbai, Maharashtra",India,Submarine Cable Contractors,Asia,Submarine Cable Route Surveys,Submarine Cable Route Surveys,01-08-2021,Completed in August 2021,RAMAN - Site visit in Mumbai. (Completed in August 2021),18.95,72.9
Zenith Survey (I) Pvt. Ltd.,Geophysical and Bathymetric Survey at Omkareshwar site in Madhya Pradesh,Central/East India,India,Survey & Geoscience Contractors,Asia,Geophysical Survey AND Bathymetric Survey,Geophysical Survey; Bathymetry Survey,01-05-2021,Completed in February 2021,Geophysical and Bathymetric Survey at Omkareshwar site in Madhya Pradesh. (Completed in February 2021),22,79
GeoAcoustics Ltd.,To complete SAT on GeoPulse + System on NIOT Vessel Sagar Anveshika,Not specified,India,Marine Technology & Equipment,Asia,Submarine Cable Route Surveys,Submarine Cable Route Surveys,01-02-2021,Completed in February 2021,To complete SAT on GeoPulse + System on NIOT Vessel Sagar Anveshika. (Completed in February 2021),19.076,72.8777
Sapura Engineering & Construction (India) Pvt. Ltd.,Barge Positioning & Survey System (Jamnagar),"Jamnagar, Gujarat",India,Engineering & Construction,Asia,Wide Area Positioning Services,Wide Area Positioning Services,01-12-2020,Completed in August 2021,Barge Positioning & Survey System (Jamnagar). (Completed in August 2021),22.47,70.06
Dahej Harbour Infrastructure Limited,"Bathymetric Survey for DHIL Jetty during Pre, Interim and Post Dredging","Dahej, Gujarat",India,"Ports, Shipyards & Harbours",Asia,Bathymetry survey,Bathymetry Survey,01-12-2020,Completed in January 2021,"Bathymetric Survey for DHIL Jetty during Pre, Interim and Post Dredging. (Completed in January 2021)",21.702,72.584
Narmada Water Resources,Conducting Bathymetric Survey of Reservoirs of Saurashtra Region under National Hydrology Project,"Narmada, Gujarat",India,"Government, Defence & Public Sector",Asia,Bathymetry survey,Bathymetry Survey,01-12-2020,Completed in August 2021,Conducting Bathymetric Survey of Reservoirs of Saurashtra Region under National Hydrology Project. (Completed in August 2021),21.7,72.9
Atlantis Consultancy,Site visit supervision of IAX/ IEX - Malaysia,Not specified,Malaysia,Telecom Operators & Cable Owners,Asia,Submarine Cable Route Surveys,Submarine Cable Route Surveys,01-09-2020,Completed in September 2020,Site visit supervision of IAX/ IEX - Malaysia. (Completed in September 2020),4.2105,101.9758
Dredging Corporation of India Limited,Provision of Surveyor to act as DCI Rep for ongoing survey works at JNPT,"Mumbai, Maharashtra",India,"Government, Defence & Public Sector",Asia,Topographic Survey,Topographic Survey,01-09-2020,Completed in Oct 2020,Provision of Surveyor to act as DCI Rep for ongoing survey works at JNPT. (Completed in Oct 2020),18.95,72.9
Atlantis Consultancy,Site visit supervision of IAX/ IEX - Mumbai and Chennai,"Chennai, Tamil Nadu",India,Telecom Operators & Cable Owners,Asia,Submarine Cable Route Surveys,Submarine Cable Route Surveys,01-09-2020,Completed in September 2020,Site visit supervision of IAX/ IEX - Mumbai and Chennai. (Completed in September 2020),13.083,80.27
Atlantis Consultancy,DTS at Versova and KharDanda,"Mumbai, Maharashtra",India,Telecom Operators & Cable Owners,Asia,Desktop Study for Offshore Projects,Desktop Study for Offshore Projects,01-09-2020,Completed in September 2020,DTS at Versova and KharDanda. (Completed in September 2020),18.95,72.9
Vedanta Limited,Geophysical Survey,Not specified,India,Oil & Gas,Asia,Desktop Study for Offshore Projects,Desktop Study for Offshore Projects,01-09-2020,Completed in November 2020,Geophysical Survey. (Completed in November 2020),19.076,72.8777
Petronet LNG Limited (Dahej),Bathymetry Survey at Dahej,"Dahej, Gujarat",India,Oil & Gas,Asia,Bathymetry survey,Bathymetry Survey,01-08-2020,Completed in September 2020,Bathymetry Survey at Dahej. (Completed in September 2020),21.702,72.584
Sapura Engineering & Construction (India) Pvt. Ltd.,"Provision of As built Survey for 42"" Pipeline, 4"" FOC, Bathymetry Survey (including boat) & Topography Survey",Not specified,India,Engineering & Construction,Asia,Bathymetry survey AND Topography Survey,Bathymetry Survey; Topographic Survey,01-06-2020,Completed in June 2020,"Provision of As built Survey for 42"" Pipeline, 4"" FOC, Bathymetry Survey (including boat) & Topography Survey. (Completed in June 2020)",19.076,72.8777
NEC Technologies India Pvt. Ltd.,Feasibility study of Mumbai - Hulu Male cable route,"Mumbai, Maharashtra",India,Telecom Operators & Cable Owners,Asia,Submarine Cable Route Surveys,Submarine Cable Route Surveys,01-02-2020,Completed in May 2020,Feasibility study of Mumbai - Hulu Male cable route. (Completed in May 2020),18.95,72.9
Gujarat Pipavav Port Limited,Pre and Post Dredging Bathymetry survey at APM Terminals Pipavav,"Pipavav, Gujarat",India,"Ports, Shipyards & Harbours",Asia,Bathymetry survey,Bathymetry Survey,01-02-2020,Completed,Pre and Post Dredging Bathymetry survey at APM Terminals Pipavav. (Completed),20.92,71.51
A to Z AXIM,Bathymetry Survey at Sittwe Port Myanmar,Myanmar,Myanmar,Survey & Geoscience Contractors,Asia,Bathymetry survey,Bathymetry Survey,01-02-2020,,Bathymetry Survey at Sittwe Port Myanmar.,20.15,92.9
EGS (Asia) Ltd.,Provision of Personnel Support onboard vessel Ridley Thomas,Not specified,India,Submarine Cable Contractors,Asia,Submarine Cable Route Surveys,Submarine Cable Route Surveys,01-02-2020,Completed in June 2020,Provision of Personnel Support onboard vessel Ridley Thomas. (Completed in June 2020),19.076,72.8777
Bharti Airtel Ltd.,EIG Submarine Cable Survey at Versova,"Mumbai, Maharashtra",India,Telecom Operators & Cable Owners,Asia,Submarine Cable Route Surveys,Submarine Cable Route Surveys,01-02-2020,,EIG Submarine Cable Survey at Versova.,18.95,72.9
EGS (Asia) Ltd,Provision of Personnel Support onboard vessel EGS Surveyor,Not specified,Singapore,Submarine Cable Contractors,Asia,Route Surveys,Submarine Cable Route Surveys,01-02-2020,Completed in June 2020,Provision of Personnel Support onboard vessel EGS Surveyor. (Completed in June 2020),1.3521,103.8198
FCG ANZDEC Limited,Sustainable Coastal Protection & Management Investment Program Tranche 2 - Third-party Inspection/Diving: Under Water photography and video recordings of the progress of Someshwara offshore reef construction works,"Kochi, Kerala",India,Engineering & Construction,Asia,Submarine Cable Route Surveys,Submarine Cable Route Surveys,01-01-2020,Completed in May 2020,Sustainable Coastal Protection & Management Investment Program Tranche 2 - Third-party Inspection/Diving: Under Water photography and video recordings of the progress of Someshwara offshore reef construction works. (Completed in May 2020),9.931,76.267
EGS (Asia) Ltd.,Provision of Personnel Support onboard vessel Ridley Thomas,India,India,Submarine Cable Contractors,Asia,Submarine Cable Route Surveys,Submarine Cable Route Surveys,01-01-2020,Completed in March 2020,Provision of Personnel Support onboard vessel Ridley Thomas. (Completed in March 2020),19.076,72.8777
New Horizon Surveys India Private Limited,"ADCP Observation at Kashid Site, Maharashtra",Maharashtra,India,Survey & Geoscience Contractors,Asia,Bathymetry survey,Bathymetry Survey,01-01-2020,Completed in January 2020,"ADCP Observation at Kashid Site, Maharashtra. (Completed in January 2020)",18.423,72.906
Cairn India Ltd.,Vessel Positioning Services for Ravva Field,"Ravva Field, Andhra Pradesh",India,Oil & Gas,Asia,Wide Area Positioning Services,Wide Area Positioning Services,01-01-2020,Completed,Vessel Positioning Services for Ravva Field. (Completed),16.35,82
Gujarat Pipavav Port Limited,Bathymetry survey at APM Terminals Pipavav,"Pipavav, Gujarat",India,"Ports, Shipyards & Harbours",Asia,Bathymetry survey,Bathymetry Survey,01-12-2019,Completed in December 2019,Bathymetry survey at APM Terminals Pipavav. (Completed in December 2019),20.92,71.51
EGS (Asia) Ltd.,Provision of Personnel Support onboard vessel EGS Surveyor,Not specified,Singapore,Submarine Cable Contractors,Asia,Submarine Cable Route Surveys,Submarine Cable Route Surveys,01-11-2019,Completed in December 2019,Provision of Personnel Support onboard vessel EGS Surveyor. (Completed in December 2019),1.3521,103.8198
New Horizon Surveys India Private Limited,"Bathymetry survey, Geophysical survey, Metocean Observations and sample collections and analysis at Chhara LNG Terminal","Chhara, Gujarat",India,Survey & Geoscience Contractors,Asia,"Bathymetry survey, Geophysical survey AND GEOTECHNICAL SERVICES",Bathymetry Survey; Geophysical Survey; Geotechnical Services,01-11-2019,Completed in January 2020,"Bathymetry survey, Geophysical survey, Metocean Observations and sample collections and analysis at Chhara LNG Terminal. (Completed in January 2020)",20.72,71.53
EGS (Asia) Ltd.,Provision of Personnel Support to carry out landfall survey in Philippines,Philippines,Philippines,Submarine Cable Contractors,Asia,Topographic Survey,Topographic Survey; Submarine Cable Route Surveys,01-10-2019,Completed in December 2019,Provision of Personnel Support to carry out landfall survey in Philippines. (Completed in December 2019),10.3,123.9
EGS (Asia) Ltd.,Provision of Personnel Support onboard vessel EGS Surveyor,Not specified,Singapore,Submarine Cable Contractors,Asia,Submarine Cable Route Surveys,Submarine Cable Route Surveys,01-10-2019,Completed in November 2019,Provision of Personnel Support onboard vessel EGS Surveyor. (Completed in November 2019),1.3521,103.8198
Atlantis Consultancy,DTS of BMH locations in Mumbai and Chennai,"Chennai, Tamil Nadu",India,Telecom Operators & Cable Owners,Asia,Desktop Study for Offshore Projects,Desktop Study for Offshore Projects,01-10-2019,Completed in October 2019,DTS of BMH locations in Mumbai and Chennai. (Completed in October 2019),13.083,80.27
EGS (Asia) Ltd.,Provision of Personnel Support onboard vessel EGS Surveyor,Not specified,Singapore,Submarine Cable Contractors,Asia,Submarine Cable Route Surveys,Submarine Cable Route Surveys,01-09-2019,Completed in October 2019,Provision of Personnel Support onboard vessel EGS Surveyor. (Completed in October 2019),1.3521,103.8198
EGS (Asia) Ltd.,Provision of Personnel Support onboard vessel Northern Endeavour,Not specified,Singapore,Submarine Cable Contractors,Asia,Submarine Cable Route Surveys,Submarine Cable Route Surveys,01-09-2019,Completed in October 2019,Provision of Personnel Support onboard vessel Northern Endeavour. (Completed in October 2019),1.3521,103.8198
EGS (Asia) Ltd.,Provision of Personnel Support onboard vessel EGS Surveyor,Not specified,India,Submarine Cable Contractors,Asia,Submarine Cable Route Surveys,Submarine Cable Route Surveys,01-08-2019,Completed in August 2019,Provision of Personnel Support onboard vessel EGS Surveyor. (Completed in August 2019),18.922,72.819
Tata Consulting Engineers Limited.,"Geotechnical Investigation, Topographic, Met-ocean observations including baseline data collection for EIA / EMP studies & Geophysical Survey for Construction of new Wharf at ND(Mumbai) and Jetty at Karanja.","Mumbai, Maharashtra",India,Engineering & Construction,Asia,Topographic Survey AND Geotechnical Investigation,Topographic Survey; Geotechnical Services,01-07-2019,Completed in September 2020,"Geotechnical Investigation, Topographic, Met-ocean observations including baseline data collection for EIA / EMP studies & Geophysical Survey for Construction of new Wharf at ND(Mumbai) and Jetty at Karanja (Completed in September 2020)",18.95,72.9
Adani Cementation Ltd.,"Consultant for conducting Geophysical Survey, Bathymetry Survey and Oceanographic Data Collection and Study for KORI creek during Monsoon and Post Monsoon for 10MTPA Lakhpat Clinkerisation unit.","Gulf of Kutch, Gujarat",India,Engineering & Construction,Asia,"Geophysical Survey, Bathymetry Survey and Oceanographic Data Collection",Geophysical Survey; Bathymetry Survey; Shallow & Deep Water Oceanography,01-07-2019,Completed in March 2020,"Consultant for conducting Geophysical Survey, Bathymetry Survey and Oceanographic Data Collection and Study for KORI creek during Monsoon and Post Monsoon for 10MTPA Lakhpat Clinkerisation unit (Completed in March 2020)",22.6,69.8
EGS (Asia) Ltd.,Provision of Personnel Support onboard vessel Northern Endeavour,Not specified,Singapore,Submarine Cable Contractors,Asia,Submarine Cable Route Surveys,Submarine Cable Route Surveys,01-07-2019,Completed in July 2019,Provision of Personnel Support onboard vessel Northern Endeavour. (Completed in July 2019),1.3521,103.8198
EGS (Asia) Ltd.,Provision of Personnel Support onboard vessel EGS Surveyor.,Mumbai,India,Submarine Cable Contractors,Asia,Desktop Study for Offshore Projects,Desktop Study for Offshore Projects,01-06-2019,Completed in June 2019,Provision of Personnel Support onboard vessel EGS Surveyor (Completed in June 2019),19.076,72.8777
Howe Engineering Projects (India) Pvt. Ltd.,"Multi beam bathymetry survey works before monsoon and also after monsoon at Break water location at Vizhinjam, Kerala.","Vizhinjam, Kerala",India,Engineering & Construction,Asia,Multi beam bathymetry survey,Bathymetry Survey,01-06-2019,Completed in September 2019,"Multi beam bathymetry survey works before monsoon and also after monsoon at Break water location at Vizhinjam, Kerala (Completed in September 2019)",8.378,76.99
EGS (Asia) Ltd.,DTS and Report for TEAS in Mumbai,"Mumbai, Maharashtra",India,Submarine Cable Contractors,Asia,Submarine Cable Route Surveys,Submarine Cable Route Surveys,01-05-2019,Completed in May 2019,DTS and Report for TEAS in Mumbai. (Completed in May 2019),18.95,72.9
EGS (Asia) Ltd.,Provision of Personnel Support onboard vessel Northern Endeavour (Japan),Japan,Japan,Submarine Cable Contractors,Asia,Submarine Cable Route Surveys,Submarine Cable Route Surveys,01-04-2019,Completed in July 2019,Provision of Personnel Support onboard vessel Northern Endeavour (Japan). (Completed in July 2019),35.68,139.69
Arcadis India Pvt. Ltd.,Offshore Marine Water & Sediment Sampling and Analysis.,Not specified,India,Engineering & Construction,Asia,Offshore Platform Site & Pipeline Route Surveys,Offshore Platform Site & Pipeline Route Surveys; Shallow & Deep Water Oceanography,01-04-2019,Completed in August 2019,Offshore Marine Water & Sediment Sampling and Analysis (Completed in August 2019),19.076,72.8777
Atlantis Consultancy,DTS of BMH location in Chennai.,"Chennai, Tamil Nadu",India,Telecom Operators & Cable Owners,Asia,Desktop Study for Offshore Projects,Desktop Study for Offshore Projects,01-04-2019,Completed in April 2019,DTS of BMH location in Chennai (Completed in April 2019),13.083,80.27
EGS (Asia) Ltd.,Provision of Personnel Support onboard Vessel Northern Endeavour,Not specified,India,Submarine Cable Contractors,Asia,Submarine Cable Route Surveys,Submarine Cable Route Surveys,01-01-2019,Completed in April 2019,Provision of Personnel Support onboard Vessel Northern Endeavour. (Completed in April 2019),19.076,72.8777
Amphibia Consultants Pvt. Ltd.,Provision of Survey Support for CANI project,Andaman & Nicobar,India,Telecom Operators & Cable Owners,Asia,Submarine Cable Route Surveys,Submarine Cable Route Surveys,01-01-2019,Completed April 2019,Provision of Survey Support for CANI project. (Completed April 2019),11.7,92.7
EGS (Asia) Ltd.,Provision of Personnel Support onboard vessel Northern Endeavour. (Solomon Island),Solomon Islands,Solomon Islands,Survey & Geoscience Contractors,Oceania,Submarine Cable Route Surveys,Submarine Cable Route Surveys,01-10-2018,Completed in December 2018,Provision of Personnel Support onboard vessel Northern Endeavour. (Solomon Island). (Completed in December 2018),-9.65,160.16
Kongsberg Maritime India Pvt. Ltd.,"Training on SBP at Paira Port, Pathuakhali, Bangladesh",Bangladesh,Bangladesh,Marine Technology & Equipment,Asia,Consultancy for Offshore Projects,Consultancy for Offshore Projects,01-10-2018,Completed in October 2018,"Training on SBP at Paira Port, Pathuakhali, Bangladesh. (Completed in October 2018)",22,90.5
EGS (Asia) Ltd.,Provision of Personnel Support onboard vessel RS Shankar (Taiwan),Taiwan,Taiwan,Submarine Cable Contractors,Asia,Submarine Cable Route Surveys and Desktop Study,Submarine Cable Route Surveys; Desktop Study for Offshore Projects,01-10-2018,Completed in December 2018,Provision of Personnel Support onboard vessel RS Shankar (Taiwan). (Completed in December 2018),23.7,120.96
Sapura Engineering & Construction (India) Pvt. Ltd.,Additional Topographic Survey at Pirpau Location,"Mumbai, Maharashtra",India,Engineering & Construction,Asia,Topographic Survey,Topographic Survey,01-10-2018,Completed in October 2018,Additional Topographic Survey at Pirpau Location. (Completed in October 2018),18.95,72.9
EGS (Asia) Ltd.,Provision of Personnel Support onboard vessel Northern Endeavour. (Papua New Guinea),Papua New Guinea,Papua New Guinea,Submarine Cable Contractors,Oceania,Submarine Cable Route Surveys,Submarine Cable Route Surveys,01-09-2018,Completed in November 2018,Provision of Personnel Support onboard vessel Northern Endeavour. (Papua New Guinea). (Completed in November 2018),-6.31,143.96
Elcome Integrated,Training on Qinsy software at KERI Campus,Not specified,India,Marine Technology & Equipment,Asia,Consultancy for Offshore Projects,Consultancy for Offshore Projects,01-09-2018,Completed in October 2018,Training on Qinsy software at KERI Campus. (Completed in October 2018),19.076,72.8777
EGS (Asia) Ltd.,"Provision of Personnel Support - Shore based Geo for data processing, Hong Kong",Hong Kong,Hong Kong,Submarine Cable Contractors,Asia,Submarine Cable Route Surveys and Desktop Study,Submarine Cable Route Surveys; Desktop Study for Offshore Projects,01-09-2018,Completed in October 2018,"Provision of Personnel Support - Shore based Geo for data processing, Hong Kong. (Completed in October 2018)",22.32,114.17
Mantovani Dharti Pvt. Ltd.,"Side Scan Sonar Survey at Jafrabad, near Rajula, Gujarat.","Jafrabad, Gujarat",India,Engineering & Construction,Asia,Side Scan Sonar Survey,Geophysical Survey,01-09-2018,Completed in October 2018,"Side Scan Sonar Survey at Jafrabad, near Rajula, Gujarat (Completed in October 2018)",20.87,71.37
EGS (Asia) Ltd.,"Provision of Personnel Support - Shore based Geo for data processing, Hong Kong.",Hong Kong,Hong Kong,Submarine Cable Contractors,Asia,Submarine Cable Route Surveys and Desktop Study,Submarine Cable Route Surveys; Desktop Study for Offshore Projects,01-09-2018,Completed in September 2018,"Provision of Personnel Support - Shore based Geo for data processing, Hong Kong (Completed in September 2018)",22.32,114.17
EGS (Asia) Ltd.,"Provision of Personnel Support - Shore based Geo for data processing, Hong Kong.",Hong Kong,Hong Kong,Submarine Cable Contractors,Asia,Submarine Cable Route Surveys and Desktop Study,Submarine Cable Route Surveys; Desktop Study for Offshore Projects,01-08-2018,Completed in September 2018,"Provision of Personnel Support - Shore based Geo for data processing, Hong Kong (Completed in September 2018)",22.32,114.17
EGS (Asia) Ltd.,Provision of Personnel Support onboard vessel EGS Surveyor. (Singapore),Singapore,Singapore,Submarine Cable Contractors,Asia,Submarine Cable Route Surveys,Submarine Cable Route Surveys,01-08-2018,Completed in September 2018,Provision of Personnel Support onboard vessel EGS Surveyor. (Singapore). (Completed in September 2018),1.35,103.82
Adani Infra (India) Limited,Conducting sampling and testing of river water and bed for intake water system of 2x800 MW coal based Ultra Supercritical Thermal Power Project.,Madhya Pradesh,India,Engineering & Construction,Asia,GEOTECHNICAL SURVEY,Geotechnical Services,01-07-2018,Completed in November 2018,Conducting sampling and testing of river water and bed for intake water system of 2x800 MW coal based Ultra Supercritical Thermal Power Project (Completed in November 2018),22.25,76.15
EGS (Asia) Ltd.,"Provision of Personnel Support - Shore based Geo for data processing, Taiwan",Taiwan,Taiwan,Submarine Cable Contractors,Asia,Submarine Cable Route Surveys and Desktop Study,Submarine Cable Route Surveys; Desktop Study for Offshore Projects,01-06-2018,Completed in August 2018,"Provision of Personnel Support - Shore based Geo for data processing, Taiwan. (Completed in August 2018)",23.7,120.96
EGS (Asia) Ltd.,Provision of Personnel Support onboard vessel Geo Explorer (Peru),Peru,Peru,Submarine Cable Contractors,South America,Submarine Cable Route Surveys and Desktop Study,Submarine Cable Route Surveys; Desktop Study for Offshore Projects,01-06-2018,Completed in August 2018,Provision of Personnel Support onboard vessel Geo Explorer (Peru). (Completed in August 2018),-12.05,-77.04
EGS Survey Pty. Ltd. (Australia),Provision of a Surveyor on board MV Solution (Mozambique),Mozambique,Mozambique,Submarine Cable Contractors,Africa,Submarine Cable Route Surveys,Submarine Cable Route Surveys,01-06-2018,Completed in September 2018,Provision of a Surveyor on board MV Solution (Mozambique). (Completed in September 2018),-18.67,35.53
EGS (Asia) Ltd.,Provision of Personnel Support onboard vessel Northern Endeavour.,Not specified,Singapore,Submarine Cable Contractors,Asia,Submarine Cable Route Surveys,Submarine Cable Route Surveys,01-06-2018,Completed in July 2018,Provision of Personnel Support onboard vessel Northern Endeavour (Completed in July 2018),1.3521,103.8198
EGS (Asia) Ltd.,Provision of Personnel Support onboard vessel EGS Surveyor,Not specified,Singapore,Submarine Cable Contractors,Asia,Submarine Cable Route Surveys,Submarine Cable Route Surveys,01-05-2018,Completed in July 2018,Provision of Personnel Support onboard vessel EGS Surveyor. (Completed in July 2018),1.3521,103.8198
HPCL - Mittal Pipeline Limited,"Offshore Seabed Engineering Survey off Modhva Coast, Gulf off Kutch.","Gulf of Kutch, Gujarat",India,Oil & Gas,Asia,Offshore Platform Site & Pipeline Route Surveys,Offshore Platform Site & Pipeline Route Surveys,01-05-2018,Completed in December 2018,"Offshore Seabed Engineering Survey off Modhva Coast, Gulf off Kutch (Completed in December 2018)",22.6,69.8
EGS (Asia) Ltd.,Provision of Personnel Support onboard vessel Ridley Thomas.,Not specified,Singapore,Submarine Cable Contractors,Asia,Submarine Cable Route Surveys,Submarine Cable Route Surveys,01-05-2018,Completed in May 2018,Provision of Personnel Support onboard vessel Ridley Thomas (Completed in May 2018),1.3521,103.8198
Atlantis Consultancy,DTS of two segments Havelock to Long Island and Long Island to Rangat - Andaman,Andaman & Nicobar,India,Telecom Operators & Cable Owners,Asia,Desktop Study for Offshore Projects,Desktop Study for Offshore Projects,01-05-2018,Completed in May 2018,DTS of two segments Havelock to Long Island and Long Island to Rangat - Andaman. (Completed in May 2018),11.7,92.7
Vizhinjam International Seaport Ltd.,Geophysical Survey works at Vizhinjam,"Vizhinjam, Kerala",India,"Ports, Shipyards & Harbours",Asia,Geophysical Survey,Geophysical Survey,01-05-2018,Completed in December 2018,Geophysical Survey works at Vizhinjam. (Completed in December 2018),8.378,76.99
Indomarine Solutions,Bathymetry Survey at Ponnani and Kovalithottam,Kerala Coast,India,Survey & Geoscience Contractors,Asia,Bathymetry Survey,Bathymetry Survey,01-04-2018,Completed in April 2018,Bathymetry Survey at Ponnani and Kovalithottam. (Completed in April 2018),9,76.5
Howe Engineering Projects (India) Pvt. Ltd.,"Observation of wave in the container jetty area during Monsoon 2018 at Vizhinjam Port, Kerala","Vizhinjam, Kerala",India,Engineering & Construction,Asia,Not specified,Shallow & Deep Water Oceanography,01-04-2018,,"Observation of wave in the container jetty area during Monsoon 2018 at Vizhinjam Port, Kerala.",8.378,76.99
Sapura Engineering & Construction (India) Pvt. Ltd.,"Provision of Pre-Engineering, Pre-Installation & As Laid Survey Services - Fifth Oil Berth at Jawahar Dweep Project of MbPT.","Mumbai, Maharashtra",India,Engineering & Construction,Asia,Topographic Survey,Topographic Survey,01-03-2018,Completed in April 2018,"Provision of Pre-Engineering, Pre-Installation & As Laid Survey Services - Fifth Oil Berth at Jawahar Dweep Project of MbPT (Completed in April 2018)",18.95,72.9
Tata Consulting Engineers Limited,"Geotechnical Investigation, Topographic & Geophysical Survey for Consultancy Services for DPR, Tendering & Contracting and PMC for Construction of Dry Dock, Wharves and Associated Facilities (DGNP - Kochi)","Kochi, Kerala",India,Engineering & Construction,Asia,"Geotechnical Investigation, Topographic & Geophysical Survey for Consultancy Services for DPR and Consultancy for Offshore Projects",Geotechnical Services; Topographic Survey; Geophysical Survey; DPR Preparation for Offshore Industry; Consultancy for Offshore Projects,01-03-2018,Completed in April 2018,"Geotechnical Investigation, Topographic & Geophysical Survey for Consultancy Services for DPR, Tendering & Contracting and PMC for Construction of Dry Dock, Wharves and Associated Facilities (DGNP - Kochi). (Completed in April 2018)",9.931,76.267
TechnipFMC Ltd,Geophysical Survey Works for LNG/GAS Development Project,"Colombo, Sri Lanka",Sri Lanka,Oil & Gas,Asia,Geophysical Survey,Geophysical Survey,01-02-2018,Completed in July 2018,Geophysical Survey Works for LNG/GAS Development Project. (Completed in July 2018),6.9271,79.8612
Petronet LNG Limited,Bathymetry Survey at Kochi,"Kochi, Kerala",India,Oil & Gas,Asia,Bathymetry Survey,Bathymetry Survey,01-02-2018,Completed in March 2018,Bathymetry Survey at Kochi. (Completed in March 2018),9.931,76.267
Sarathy Geotech & Engineering Services Pvt Ltd,"Geophysical Survey work at Colombo, Sri Lanka",Sri Lanka,Sri Lanka,Survey & Geoscience Contractors,Asia,Geophysical Survey,Geophysical Survey,01-02-2018,Completed in May 2018,"Geophysical Survey work at Colombo, Sri Lanka. (Completed in May 2018)",6.93,79.84
Sanghi Industries Ltd.,Wave and Current Measurement of Sanghi Channel,Not specified,India,Industrial & Materials,Asia,Bathymetry Survey,Bathymetry Survey,01-02-2018,Completed in March 2018,Wave and Current Measurement of Sanghi Channel. (Completed in March 2018),23.48,68.43
Indomarine Solutions,Bathymetry Survey at Kanyakumari for Tamilnadu Maritime Board,Kerala Coast,India,Survey & Geoscience Contractors,Asia,Bathymetry Survey,Bathymetry Survey,01-12-2017,Completed in December 2017,Bathymetry Survey at Kanyakumari for Tamilnadu Maritime Board. (Completed in December 2017),9,76.5
Telecommunications Consultants India Limited (TCIL),Desktop study Lakshadweep,Lakshadweep,India,Telecom Operators & Cable Owners,Asia,Desktop Study for Offshore Projects,Desktop Study for Offshore Projects,01-12-2017,Completed in April 2018,Desktop study Lakshadweep. (Completed in April 2018),10.57,72.64
Tata Consulting Engineers Limited.,"Preparation of a Techno Economic Feasibility Report for Development of Port at Vijaydurg, Maharashtra.","Konkan Coast, Maharashtra",India,Engineering & Construction,Asia,DPR Preparation for Offshore Industry,DPR Preparation for Offshore Industry,01-12-2017,,"Preparation of a Techno Economic Feasibility Report for Development of Port at Vijaydurg, Maharashtra",17.6,73.2
Howe Engineering Projects (India) Pvt. Ltd.,Geophysical Survey at Vizhinjam Port,"Vizhinjam, Kerala",India,Engineering & Construction,Asia,Bathymetry Survey,Bathymetry Survey,01-12-2017,Completed in December 2017,Geophysical Survey at Vizhinjam Port. (Completed in December 2017),8.378,76.99
Indomarine Solutions,Bathymetry and Current Meter observation in Tuticorin.,"Tuticorin, Tamil Nadu",India,Survey & Geoscience Contractors,Asia,Sub-Bottom Profiling Survey,Geophysical Survey,01-12-2017,Completed in December 2017,Bathymetry and Current Meter observation in Tuticorin (Completed in December 2017),8.76,78.13
Howe Engineering Projects (India) Pvt. Ltd.,"Sub-Bottom Profiling Survey at Thengapattanam for breakwater project at Vizhinjam, Kerala.","Vizhinjam, Kerala",India,Engineering & Construction,Asia,Wide Area Positioning Services,Wide Area Positioning Services,01-12-2017,Completed in December 2017,"Sub-Bottom Profiling Survey at Thengapattanam for breakwater project at Vizhinjam, Kerala (Completed in December 2017)",8.378,76.99
Marine Engineering and Trade Services,Positioning Services.,"Paradip Port, Odisha",India,Survey & Geoscience Contractors,Asia,Calibration Services,Wide Area Positioning Services,01-12-2017,Completed in December 2017,Positioning Services (Completed in December 2017),20.2666,86.6666
Sadhav Shipping Ltd.,Calibration Services at Paradip Port,"Paradip, Odisha",India,"Marine Salvage, Diving & Shipping",Asia,Geophysical Survey,Geophysical Survey,01-12-2017,Completed in December 2017,Calibration Services at Paradip Port. (Completed in December 2017),20.316,86.611
National Marine & Infrastructure India Pvt. Ltd.,Magnetometer Survey at Zafrabad.,"Jafrabad, Gujarat",India,Survey & Geoscience Contractors,Asia,Consultancy for Offshore Projects,Consultancy for Offshore Projects,01-12-2017,Completed in December 2017,Magnetometer Survey at Zafrabad (Completed in December 2017),20.87,71.37
Elcome Integrated Systems Pvt. Ltd.,Provision of Survey personnel for Qinsy software,"Kutch, Gujarat",India,Marine Technology & Equipment,Asia,Bathymetry Survey,Bathymetry Survey,01-11-2017,Completed in November 2017,Provision of Survey personnel for Qinsy software. (Completed in November 2017),23.7337,69.8597
Adani Cementation Ltd.,"Bathymetry Survey for establishment of jetty and navigation channel for 10 MTPA Clinkerisation Unit at Lakhpat Dist. Kutch, Gujarat","Gulf of Kutch, Gujarat",India,Engineering & Construction,Asia,Geophysical Survey,Geophysical Survey,01-11-2017,Completed in Mar 2019,"Bathymetry Survey for establishment of jetty and navigation channel for 10 MTPA Clinkerisation Unit at Lakhpat Dist. Kutch, Gujarat. (Completed in Mar 2019)",22.6,69.8
H-Energy,"Pre-Engineering Geophysical Survey off Kukrahati, West Bengal.","Cuddalore, Tamil Nadu",India,Oil & Gas,Asia,Bathymetry Survey,Bathymetry Survey,01-09-2017,Completed in October 2017,"Pre-Engineering Geophysical Survey off Kukrahati, West Bengal (Completed in October 2017)",11.75,79.7667
Bluefin Marine,Survey at Cuddalore,"Chennai, Tamil Nadu",India,Survey & Geoscience Contractors,Asia,Submarine Cable Route Surveys,Submarine Cable Route Surveys,01-09-2017,Completed in September 2017,Survey at Cuddalore. (Completed in September 2017),13.083,80.27
EGS (Asia) Ltd.,Provision of personnel support on vessel Northern Endeavour,South East Kuwait for UXO Search,Kuwait,Submarine Cable Contractors,Middle East,Gradiometer Surveys for UXO Search,Gradiometer Surveys for UXO Search; Submarine Cable Route Surveys,01-08-2017,Completed in September 2017,Provision of personnel support on vessel Northern Endeavour. (Completed in September 2017),29.3759,47.9774
MUSC FZE,Provision of Survey Engineer for the UXO and Underground Detection Works in South East Kuwait Construction Project.,Kuwait,Kuwait,"Government, Defence & Public Sector",Middle East,Gradiometer Surveys for UXO Search,Gradiometer Surveys for UXO Search,01-08-2017,Completed in October 2017,Provision of Survey Engineer for the UXO and Underground Detection Works in South East Kuwait Construction Project (Completed in October 2017),29.37,47.98
"IIT, Mumbai",Mithi river discharge measurement,"Mumbai, Maharashtra",India,Academia & Research,Asia,GEOTECHNICAL SURVEY,Geotechnical Services,01-07-2017,Completed in August 2017,Mithi river discharge measurement. (Completed in August 2017),18.95,72.9
"IIT, Chennai",Carrying out discharge measurement and water sample analysis at Kolkata Port Trust,"Chennai, Tamil Nadu",India,Academia & Research,Asia,Bathymetry Survey,Bathymetry Survey,01-07-2017,Completed in August 2017,Carrying out discharge measurement and water sample analysis at Kolkata Port Trust. (Completed in August 2017),13.083,80.27
"IIT, Chennai",Boat for Bathymetry Survey along Devaneri Coast of Tamil Nadu,"Chennai, Tamil Nadu",India,Academia & Research,Asia,Weather Forecasting Services,Weather Forecasting Services,01-06-2017,Completed in Mar 2019,Boat for Bathymetry Survey along Devaneri Coast of Tamil Nadu. (Completed in Mar 2019),13.083,80.27
Dharti Dredging and Infrastructure Ltd.,"Weather Forecasting Services for Dahej, Gogha and Ullal","Dahej, Gujarat",India,Engineering & Construction,Asia,Submarine Cable Route Surveys,Submarine Cable Route Surveys,01-06-2017,Completed,"Weather Forecasting Services for Dahej, Gogha and Ullal. (Completed)",21.702,72.584
EGS (Asia) Ltd.,Provision of personnel support on vessel Northern Endeavour,Not specified,Singapore,Submarine Cable Contractors,Asia,"Sand Resource, Bathymetry Survey AND Shallow & Deep Water Oceanography",Bathymetry Survey; Shallow & Deep Water Oceanography; Submarine Cable Route Surveys,01-05-2017,Completed in June 2017,Provision of personnel support on vessel Northern Endeavour. (Completed in June 2017),1.3521,103.8198
Beach Sanctuary Pte Ltd.,"Sand Resource, Bathymetry, Beach Profiling and Oceanographic Survey","Uran, MUMBAI",India,Other,Asia,Offshore Platform Site & Pipeline Route Surveys,Offshore Platform Site & Pipeline Route Surveys,01-05-2017,Completed in May 2018,"Sand Resource, Bathymetry, Beach Profiling and Oceanographic Survey. (Completed in May 2018)",18.8833,72.9333
SARK EPC Projects Pvt. Ltd,Carrying out off shore survey on Uran Mandwa pipeline for GAIL Mumbai Project (Approx 10 Km),"Mumbai, Maharashtra",India,Engineering & Construction,Asia,Geophysical Surveys,Geophysical Survey,01-05-2017,Completed in May 2017,Carrying out off shore survey on Uran Mandwa pipeline for GAIL Mumbai Project (Approx 10 Km). (Completed in May 2017),18.95,72.9
Petronet LNG Ltd.,Marine Geophysical Surveys for LNG Terminal at Kutubdia Island (Bangladesh).,Bangladesh,Bangladesh,Oil & Gas,Asia,Bathymetry Survey,Bathymetry Survey,01-03-2017,Completed in May 2017,Marine Geophysical Surveys for LNG Terminal at Kutubdia Island (Bangladesh) (Completed in May 2017),22,90.5
Infinium Solutionz,Bathymetry Survey for Various Ports of Gujarat,"Nemili, Tamil Nadu",India,Survey & Geoscience Contractors,Asia,Geophysical Survey,Geophysical Survey,01-02-2017,Completed in May 2018,Bathymetry Survey for Various Ports of Gujarat. (Completed in May 2018),12.7167,80.1167
Larsen & Toubro,Geophysical Survey at Nemelli,"Chennai, Tamil Nadu",India,Engineering & Construction,Asia,Bathymetry Survey,Bathymetry Survey,01-02-2017,Completed in February 2017,Geophysical Survey at Nemelli. (Completed in February 2017),13.083,80.27
National Marine and Infrastructure (I) Pvt. Ltd.,"Multibeam Survey for Swan LNG Port at Jafarabad, Gujarat.","Jafrabad, Gujarat",India,Survey & Geoscience Contractors,Asia,Offshore Platform Site & Pipeline Route Surveys,Offshore Platform Site & Pipeline Route Surveys,01-01-2017,Completed in February 2017,"Multibeam Survey for Swan LNG Port at Jafarabad, Gujarat (Completed in February 2017)",20.87,71.37
Indian Oil Corporation Limited,"Off-Shore Pipeline Survey of 42"" dia. pipeline at WRPL, Vadinar","Vadinar, Gujarat",India,Oil & Gas,Asia,Submarine Cable Route Surveys,Submarine Cable Route Surveys,01-01-2017,,"Off-Shore Pipeline Survey of 42"" dia. pipeline at WRPL, Vadinar.",22.42,69.72
EGS (Asia) Limited,"Proposed Submarine Power Cable Survey between Chittagong and Sandwip, Bangladesh",Bangladesh,Bangladesh,Submarine Cable Contractors,Asia,"Geophysical Survey, Bathymetry Survey and Topographic SURVEY",Geophysical Survey; Bathymetry Survey; Topographic Survey; Submarine Cable Route Surveys,01-01-2017,Completed in March 2017,"Proposed Submarine Power Cable Survey between Chittagong and Sandwip, Bangladesh. (Completed in March 2017)",22,90.5
Howe Engineering Projects (India) Pvt. Ltd.,"Geotechnical Investigation, Topographic, Bathymetric & Geophysical Survey for preparation of Detailed Project Report for an Outer Harbour nearer to the south of existing south breakwater of Paradip Port.","Paradip, Odisha",India,Engineering & Construction,Asia,"Bathymetry Survey, Geophysical Survey and Topography Survey",Bathymetry Survey; Geophysical Survey; Topographic Survey,01-01-2017,Completed in April 2017,"Geotechnical Investigation, Topographic, Bathymetric & Geophysical Survey for preparation of Detailed Project Report for an Outer Harbour nearer to the south of existing south breakwater of Paradip Port (Completed in April 2017)",20.316,86.611
National Marine Dredging Company,"Bathymetry, Geophysical and Topography Survey at Swan India Project",Not specified,India,Engineering & Construction,Asia,Submarine Cable Route Surveys,Submarine Cable Route Surveys,01-11-2016,Completed in December 2016,"Bathymetry, Geophysical and Topography Survey at Swan India Project. (Completed in December 2016)",19.076,72.8777
EGS (Asia) Ltd.,Provision of Personnel Support on board vessel Voyager,"Mormugao Port, Goa",India,Submarine Cable Contractors,Asia,Bathymetry Survey,Bathymetry Survey; Submarine Cable Route Surveys,01-11-2016,Completed in December 2016,Provision of Personnel Support on board vessel Voyager. (Completed in December 2016),15.4167,73.8
Arihant Ship Breakers,"Wreck Survey off Mormugao Port, Goa",Goa,India,"Marine Salvage, Diving & Shipping",Asia,Not specified,Geophysical Survey,01-11-2016,Completed in November 2016,"Wreck Survey off Mormugao Port, Goa. (Completed in November 2016)",15.4,73.8
EGS (Asia) Ltd.,Provision of Personnel Support on board vessel EGS Surveyor,India,India,Submarine Cable Contractors,Asia,Submarine Cable Route Surveys,Submarine Cable Route Surveys,01-11-2016,Completed in December 2016,Provision of Personnel Support on board vessel EGS Surveyor. (Completed in December 2016),19.076,72.8777
KPB Consultants Ltd.,Marine Monitoring in Sohar,Oman,Oman,Engineering & Construction,Middle East,Marine Monitoring Services,Shallow & Deep Water Oceanography,01-10-2016,Completed in October 2016,Marine Monitoring in Sohar. (Completed in October 2016),23.6,58.5
Punj Lloyd Ltd.,"Pre-Engineering, Pre-Construction and As Built Survey for Sub Marine Pipeline and Cable from Jawahar Dweep to Pir Pau","Mumbai, Maharashtra",India,Engineering & Construction,Asia,Submarine Cable Route Surveys,Submarine Cable Route Surveys,01-10-2016,Completed in December 2016,"Pre-Engineering, Pre-Construction and As Built Survey for Sub Marine Pipeline and Cable from Jawahar Dweep to Pir Pau. (Completed in December 2016)",18.95,72.9
KPB Consultants Ltd.,Marine Monitoring Services for DDV Survey at New Lusail Island and Channel (Qatar),"New Lusail Island, Qatar",Qatar,Engineering & Construction,Middle East,Marine Monitoring Services,Shallow & Deep Water Oceanography,01-10-2016,Completed in October 2016,Marine Monitoring Services for DDV Survey at New Lusail Island and Channel (Qatar). (Completed in October 2016),25.4,51.5167
Adani Ports & Special Economic Zone Ltd.,Providing Survey Services at Vizhinjam Port,"Vizhinjam, Kerala",India,"Ports, Shipyards & Harbours",Asia,Bathymetry Survey,Bathymetry Survey,01-09-2016,Completed in March 2018,Providing Survey Services at Vizhinjam Port. (Completed in March 2018),8.378,76.99
Elcome Integrated Systems Pvt. Ltd.,Provision of Survey personnel for Qinsy software,Not specified,India,Marine Technology & Equipment,Asia,Consultancy for Offshore Projects,Consultancy for Offshore Projects,01-09-2016,Completed in October 2016,Provision of Survey personnel for Qinsy software. (Completed in October 2016),19.076,72.8777
Reliance Power Ltd.,"Bathymetry and Geophysical Survey at Kutubdia Island, Bangladesh.",Bangladesh,Bangladesh,Power & Renewables,Asia,Bathymetry AND Geophysical Survey,Bathymetry Survey; Geophysical Survey,01-09-2016,Completed in February 2017,"Bathymetry and Geophysical Survey at Kutubdia Island, Bangladesh (Completed in February 2017)",22,90.5
Dharti Dredging and Infrastructure Ltd.,Consulting Services towards Weather forecasting for Kudankulam and Vizhinjam Port,"Tuticorin, Tamil Nadu",India,Engineering & Construction,Asia,Weather Forecasting Services,Weather Forecasting Services,01-09-2016,Completed in November 2016,Consulting Services towards Weather forecasting for Kudankulam and Vizhinjam Port. (Completed in November 2016),8.76,78.13
MUSC FZE,Survey Support Services for MUSC UXO Survey off Kuwait,Kuwait,Kuwait,Power & Renewables,Middle East,Gradiometer Surveys for UXO Search,Gradiometer Surveys for UXO Search,01-09-2016,Completed in October 2016,Survey Support Services for MUSC UXO Survey off Kuwait. (Completed in October 2016),29.37,47.98
G.R.S. Consultant FZE,UXO Survey data Acquisition and interpretation (UK),United Kingdom,United Kingdom,Survey & Geoscience Contractors,Europe,Gradiometer Surveys for UXO Search,Gradiometer Surveys for UXO Search,01-08-2016,Completed in September 2016,UXO Survey data Acquisition and interpretation (UK). (Completed in September 2016),55.3781,-3.436
KPB Consultants Ltd.,Marine Ecological Studies (KSA),Saudi Arabia,Saudi Arabia,Engineering & Construction,Middle East,Marine Ecological Studies,Shallow & Deep Water Oceanography,01-08-2016,Completed in October 2016,Marine Ecological Studies (KSA). (Completed in October 2016),26,50.1
MicroStep-MIS FZE,Deployment of Weather Monitoring Buoys off Kuwait,Kuwait,Kuwait,Marine Technology & Equipment,Middle East,Weather Monitoring,Weather Forecasting Services,01-08-2016,Completed in August 2016,Deployment of Weather Monitoring Buoys off Kuwait. (Completed in August 2016),29.37,47.98
Standards Environmental & Analytical Laboratories,"Environmental Monitoring for IOCL, Kochi","Kochi, Kerala",India,Engineering & Construction,Asia,Environmental Monitoring,Shallow & Deep Water Oceanography,01-08-2016,Completed in August 2016,"Environmental Monitoring for IOCL, Kochi. (Completed in August 2016)",9.931,76.267
"IIT, Bombay",Mithi River Discharge Measurement,"Mumbai, Maharashtra",India,Academia & Research,Asia,GEOTECHNICAL SURVEY,Geotechnical Services,01-06-2016,Completed in August 2016,Mithi River Discharge Measurement. (Completed in August 2016),18.95,72.9
Shrikhande Consultants Pvt. Ltd.,"Consultancy Services for undertaking feasibility study for capital dredging at SBW jetty at ND (MB) for Naval Dockyard, Mumbai - Survey Work.","Mumbai, Maharashtra",India,Engineering & Construction,Asia,Shallow & Deep Water Oceanography,Shallow & Deep Water Oceanography; Bathymetry Survey,01-05-2016,Completed in May 2016,"Consultancy Services for undertaking feasibility study for capital dredging at SBW jetty at ND (MB) for Naval Dockyard, Mumbai - Survey Work (Completed in May 2016)",18.95,72.9
Tridel Meteorology Projects Contracting LLC,Provision of Survey Personnel for On-site Services.,India,India,Survey & Geoscience Contractors,Asia,Consultancy for Offshore Projects,Consultancy for Offshore Projects,01-04-2016,,Provision of Survey Personnel for On-site Services,19.076,72.8777
Samudra Consultants Pvt. Ltd.,Conducting field monitoring programme for data Collection for development of outer harbour in Cochin Port.,"Kochi, Kerala",India,"Ports, Shipyards & Harbours",Asia,Shallow & Deep Water Oceanography AND Bathymetry Survey,Shallow & Deep Water Oceanography; Bathymetry Survey,01-04-2016,Completed in May 2017,Conducting field monitoring programme for data Collection for development of outer harbour in Cochin Port (Completed in May 2017),9.931,76.267
Adani Vizhinjam Port Pvt. Ltd.,Shoreline Monitoring - Oceanographic & Bathymetric Data Collection,"Vizhinjam, Kerala",India,Survey & Geoscience Contractors,Asia,Bathymetric Survey,Bathymetry Survey,01-02-2016,Completed in May 2019,Shoreline Monitoring - Oceanographic & Bathymetric Data Collection. (Completed in May 2019),8.378,76.99
Swiber Offshore Construction Pte. Ltd.,"Side Scan Survey for As-laid 20"" Pipeline from C-24-P1 to TCPP North of Mumbai High, Tapti Oilfield, Off Daman, West Coast of India","Mumbai, Maharashtra",India,Engineering & Construction,Asia,Offshore Platform Site & Pipeline Route Surveys,Offshore Platform Site & Pipeline Route Surveys,01-02-2016,Completed in February 2016,"Side Scan Survey for As-laid 20"" Pipeline from C-24-P1 to TCPP North of Mumbai High, Tapti Oilfield, Off Daman, West Coast of India. (Completed in February 2016)",18.95,72.9
Infinium Solutions Pvt. Ltd.,Bathymetric Survey at Okha and Porbander Port,"Okha/Porbandar, Gujarat",India,Engineering & Construction,Asia,Consultancy for Offshore Projects,Consultancy for Offshore Projects,01-02-2016,Completed in March 2016,Bathymetric Survey at Okha and Porbander Port. (Completed in March 2016),22.1,69.3
"Tecnica T Proyectos, S.A. (TYPSA, Spain)",Consultancy services for preparation of detailed project report for development of Colachel port in Tamil Nadu,Kerala Coast,India,Telecom Operators & Cable Owners,Asia,Submarine Cable Route Surveys,Submarine Cable Route Surveys,01-02-2016,,Consultancy services for preparation of detailed project report for development of Colachel port in Tamil Nadu.,9,76.5
Cairn India Ltd.,Vessel Positioning Services for Ravva Field,"Ravva Field, Andhra Pradesh",India,Oil & Gas,Asia,Wide Area Positioning Services,Wide Area Positioning Services,01-01-2016,Completed in 2019,Vessel Positioning Services for Ravva Field. (Completed in 2019),16.35,82
Dahej Harbour Infrastructure Limited,"Bathymetric Survey of DHIL Jetty at Dahej, Gujarat","Dahej, Gujarat",India,"Ports, Shipyards & Harbours",Asia,Bathymetric Survey,Bathymetry Survey,01-01-2016,Completed in February 2016,"Bathymetric Survey of DHIL Jetty at Dahej, Gujarat. (Completed in February 2016)",21.702,72.584
PMC Projects India Pvt. Ltd,"Water Sampling at Vizhinjam, Trivandrum","Vizhinjam, Kerala",India,Engineering & Construction,Asia,Geotechnical SERVICES,Geotechnical Services,01-12-2015,Completed in February 2016,"Water Sampling at Vizhinjam, Trivandrum. (Completed in February 2016)",8.378,76.99
Atlantis Consultancy,Provision of Client Rep on board Cable Route Survey Vessel for AAE 1 Project.,"Bassein, Mumbai",India,Telecom Operators & Cable Owners,Asia,Offshore Platform Site & Pipeline Route Surveys,Offshore Platform Site & Pipeline Route Surveys,01-11-2015,Completed in December 2015,Provision of Client Rep on board Cable Route Survey Vessel for AAE 1 Project (Completed in December 2015),19.076,72.8777
Whitmer Offshore Pte. Ltd. / Swiber Offshore Construction Pvt. Ltd.,As laid survey for WO-16 to BPB pipeline in Bassein field,"Mumbai, Maharashtra",India,Engineering & Construction,Asia,Bathymetry Survey,Bathymetry Survey,01-11-2015,Completed in November 2015,As laid survey for WO-16 to BPB pipeline in Bassein field. (Completed in November 2015),18.95,72.9
Adani Kandla Bulk Terminal Pvt. Ltd.,Multibeam Survey of dredge dumping and Channel Survey of 250 line km.,"Kandla, Gujarat",India,"Ports, Shipyards & Harbours",Asia,Bathymetry Survey,Bathymetry Survey,01-11-2015,Completed in November 2015,Multibeam Survey of dredge dumping and Channel Survey of 250 line km (Completed in November 2015),23.03,70.22
Adani Vizhinjam Port Pvt. Ltd.,Multibeam Bathymetric Survey at Vizhinjam,"Vizhinjam, Kerala",India,"Ports, Shipyards & Harbours",Asia,Wide Area Positioning Services,Wide Area Positioning Services,01-10-2015,Completed in October 2015,Multibeam Bathymetric Survey at Vizhinjam. (Completed in October 2015),8.378,76.99
Cairn India Limited,"Vessel Positioning Services for Mangala Refinery Project, Bhogat, Gujarat","Mundra, Gujarat",India,Oil & Gas,Asia,CP Survey,Cathodic Protection (CP) Survey,01-10-2015,,"Vessel Positioning Services for Mangala Refinery Project, Bhogat, Gujarat.",22.7754,69.7158
HPCL-Mittal Energy Ltd.,"Free Span and CP Survey at HMPL, Mundra, Gujarat","Mundra, Gujarat",India,Oil & Gas,Asia,Bathymetry Survey,Bathymetry Survey,01-10-2015,Completed in November 2015,"Free Span and CP Survey at HMPL, Mundra, Gujarat. (Completed in November 2015)",22.839,69.721
"IIT, Bombay",Mithi River Discharge Measurement,"Mumbai, Maharashtra",India,Academia & Research,Asia,Not specified,Shallow & Deep Water Oceanography,01-08-2015,Completed in September 2015,Mithi River Discharge Measurement. (Completed in September 2015),18.95,72.9
Howe Engineering Projects (India) Pvt. Ltd.,Detailed Feasibility Study for Capacity Augmentation of National Waterway-1 & Detailed Engineering for its Ancillary Works and Processes between Haldia to Allahabad (Jal Marg Vikas Project),"National Waterways, India",India,Engineering & Construction,Asia,Geophysical Survey,Geophysical Survey,01-08-2015,Completed in December 2015,Detailed Feasibility Study for Capacity Augmentation of National Waterway-1 & Detailed Engineering for its Ancillary Works and Processes between Haldia to Allahabad (Jal Marg Vikas Project). (Completed in December 2015),24,82
EGS (Asia) Ltd.,Provision of personnel support on vessel Northern Endeavour,Not specified,Singapore,Submarine Cable Contractors,Asia,Submarine Cable Route Surveys,Submarine Cable Route Surveys,01-07-2015,Completed in September 2015,Provision of personnel support on vessel Northern Endeavour. (Completed in September 2015),1.3521,103.8198
Amwaj International,"Multibeam Seabed Survey, Sub Bottom Profiling and Collection of Soil Samples at Jaigarh Port","Konkan Coast, Maharashtra",India,Survey & Geoscience Contractors,Asia,"Multibeam Seabed Survey, Sub Bottom Profiling AND GEOTECHNICAL SURVEY",Bathymetry Survey; Geophysical Survey; Geotechnical Services,01-06-2015,Completed in June 2015,"Multibeam Seabed Survey, Sub Bottom Profiling and Collection of Soil Samples at Jaigarh Port. (Completed in June 2015)",17.6,73.2
EGS (Asia) Ltd.,Provision of personnel support on vessel EGS Surveyor,Not specified,Singapore,Submarine Cable Contractors,Asia,Submarine Cable Route Surveys,Submarine Cable Route Surveys,01-06-2015,Completed in August 2015,Provision of personnel support on vessel EGS Surveyor. (Completed in August 2015),1.3521,103.8198
Shankar And Co.,Marine Seismic Survey,Not specified,India,Survey & Geoscience Contractors,Asia,Geophysical Survey,Geophysical Survey,01-05-2015,Completed in May 2015,Marine Seismic Survey. (Completed in May 2015),19.076,72.8777
Mumbai Port Trust,Bathymetry and Sub Bottom Profiler Survey at Kanhoji Angre Island.,"Mumbai, Maharashtra",India,"Ports, Shipyards & Harbours",Asia,Bathymetry SURVEY and Sub Bottom Profiler Survey,Bathymetry Survey; Geophysical Survey,01-05-2015,Completed in May 2015,Bathymetry and Sub Bottom Profiler Survey at Kanhoji Angre Island (Completed in May 2015),18.95,72.9
"SOWiL, Navi Mumbai",Marine Survey for MTHL Project,"Konkan Coast, Maharashtra",India,Engineering & Construction,Asia,Not specified,Bathymetry Survey; Geophysical Survey,01-05-2015,Completed in May 2015,Marine Survey for MTHL Project. (Completed in May 2015),17.6,73.2
OER Services Ltd. / Swiber Offshore Construction Pvt. Ltd.,"Side Scan System - Post Lay survey of the 8"" pipeline from WO 15 to SL 4.",Not specified,India,Engineering & Construction,Asia,Offshore Platform Site & Pipeline Route Surveys,Offshore Platform Site & Pipeline Route Surveys,01-04-2015,Completed in May 2015,"Side Scan System - Post Lay survey of the 8"" pipeline from WO 15 to SL 4 (Completed in May 2015)",19.076,72.8777
Jawaharlal Nehru Port Ltd. (JNPT),"Multibeam bathymetry, Sub-bottom profiler surveys and Geo-technical investigation in Mumbai Harbour Channel and JN Port Channel.","Mumbai, Maharashtra",India,"Ports, Shipyards & Harbours",Asia,"Bathymetry SURVEY, Geophysical Survey surveys and Geotechnical SURVEYS",Bathymetry Survey; Geophysical Survey; Geotechnical Services,01-04-2015,Completed in May 2015,"Multibeam bathymetry, Sub-bottom profiler surveys and Geo-technical investigation in Mumbai Harbour Channel and JN Port Channel (Completed in May 2015)",18.95,72.9
Dunnimaa Engineers & Divers Enterprises Pvt. Ltd.,Positioning Services at Mumbai Offshore for Great Ship India Ltd.,"Mumbai, Maharashtra",India,"Marine Salvage, Diving & Shipping",Asia,Wide Area Positioning Services,Wide Area Positioning Services,01-03-2015,Completed in March 2015,Positioning Services at Mumbai Offshore for Great Ship India Ltd (Completed in March 2015),18.95,72.9
Dunnimaa Engineers & Divers Enterprises Pvt. Ltd,Positioning Services at Kakinada for ONGC.,"Kakinada, Andhra Pradesh",India,"Marine Salvage, Diving & Shipping",Asia,Wide Area Positioning Services,Wide Area Positioning Services,01-03-2015,Completed in March 2015,Positioning Services at Kakinada for ONGC (Completed in March 2015),16.989,82.247
Reliance Infrastructure Limited,Survey to assess the physical condition of Raw Water Pipeline in 600 M at damage location at Sasan UMPP,"Sasan UMPP, Madhya Pradesh",India,Engineering & Construction,Asia,Offshore Platform Site & Pipeline Route Surveys,Offshore Platform Site & Pipeline Route Surveys,01-02-2015,Completed in March 2015,Survey to assess the physical condition of Raw Water Pipeline in 600 M at damage location at Sasan UMPP. (Completed in March 2015),23.9786,82.6322
Telecommunications Consultants India Limited (TCIL),"Desktop Study (DTS) for connecting Andaman & Nicobar Island with Chennai, India on Submarine Optical Fibre Cable","Chennai, Tamil Nadu",India,Telecom Operators & Cable Owners,Asia,Desktop Study for Offshore Projects AND Submarine Cable Route Surveys,Desktop Study for Offshore Projects; Submarine Cable Route Surveys,01-03-2015,Completed in March 2015,"Desktop Study (DTS) for connecting Andaman & Nicobar Island with Chennai, India on Submarine Optical Fibre Cable. (Completed in March 2015)",13.083,80.27
Aryas Surveyors and Contractors Pvt. Ltd.,Bathymetry and Topo Survey of Chandil Reservoir under Subernarekha Multipurpose Project (SMP) - Jharkhand.,Jharkhand,India,Survey & Geoscience Contractors,Asia,Topographic Survey,Topographic Survey; Shallow & Deep Water Oceanography; Bathymetry Survey,01-02-2015,Completed in March 2015,Bathymetry and Topo Survey of Chandil Reservoir under Subernarekha Multipurpose Project (SMP) - Jharkhand (Completed in March 2015),22.96,86.02
EGS (Asia) Ltd,"Landfall survey operation for SMW5 Submarine Fibre Optic Cable Project, Bangladesh",Bangladesh,Bangladesh,Submarine Cable Contractors,Asia,Submarine Cable Route Surveys,Submarine Cable Route Surveys,01-03-2015,Completed in January 2016,"Landfall survey operation for SMW5 Submarine Fibre Optic Cable Project, Bangladesh. (Completed in January 2016)",22,90.5
Vizhinjam International Seaport Limited,Shoreline Monitoring - Oceanographic & Bathymetric Data Collection,"Vizhinjam, Kerala",India,"Ports, Shipyards & Harbours",Asia,Shallow & Deep Water Oceanography,Shallow & Deep Water Oceanography; Bathymetry Survey,01-02-2015,Completed in February 2016,Shoreline Monitoring - Oceanographic & Bathymetric Data Collection. (Completed in February 2016),8.378,76.99
Mumbai Port Trust,Bathymetry and Sub Bottom Profiling Survey of Areas in the Port of Mumbai,"Mumbai, Maharashtra",India,"Ports, Shipyards & Harbours",Asia,Geophysical Survey,Geophysical Survey; Bathymetry Survey,01-01-2015,Completed in February 2015,Bathymetry and Sub Bottom Profiling Survey of Areas in the Port of Mumbai. (Completed in February 2015),18.95,72.9
EGS (Asia) Ltd,Survey Support services on vessel Northern Endeavour,India,India,Submarine Cable Contractors,Asia,Submarine Cable Route Surveys,Submarine Cable Route Surveys,01-01-2015,Completed in March 2015,Survey Support services on vessel Northern Endeavour. (Completed in March 2015),19.076,72.8777
EGS (Asia) Ltd,Survey Support services on vessel Geo Explorer,India,India,Submarine Cable Contractors,Asia,Submarine Cable Route Surveys,Submarine Cable Route Surveys,01-01-2015,Completed in March 2015,Survey Support services on vessel Geo Explorer. (Completed in March 2015),19.076,72.8777
Arihant Ship Breakers,Clearance Survey off Candolim Beach at Goa,Goa,India,"Marine Salvage, Diving & Shipping",Asia,Geophysical Survey,Geophysical Survey,01-01-2015,Completed in January 2015,Clearance Survey off Candolim Beach at Goa. (Completed in January 2015),15.4,73.8
Pipavav Defence and Offshore Engineering Company Ltd.,Site clearance at Pipavav Port,"Pipavav, Gujarat",India,"Ports, Shipyards & Harbours",Asia,Geophysical Survey,Geophysical Survey,01-12-2014,Completed in December 2014,Site clearance at Pipavav Port. (Completed in December 2014),20.92,71.51
Dahej Harbour Infrastructure Limited,"Bathymetric Survey of DHIL Jetty at Dahej, Gujarat","Dahej, Gujarat",India,"Ports, Shipyards & Harbours",Asia,Bathymetry Survey,Bathymetry Survey,01-12-2014,Completed in December 2014,"Bathymetric Survey of DHIL Jetty at Dahej, Gujarat. (Completed in December 2014)",21.702,72.584
EGS (Asia) Ltd.,"BBG (Bay of Bengal Gate) Submarine Cable Route Survey off Colombo and Matara, Sri Lanka",Sri Lanka,Sri Lanka,Submarine Cable Contractors,Asia,Submarine Cable Route Surveys,Submarine Cable Route Surveys,01-12-2014,Completed in January 2015,"BBG (Bay of Bengal Gate) Submarine Cable Route Survey off Colombo and Matara, Sri Lanka. (Completed in January 2015)",6.93,79.84
Prayati Shipping Pvt. Ltd.,Stage II of Clearance Survey of wreck of M.V. River Princes off Goa Coast,Goa,India,"Marine Salvage, Diving & Shipping",Asia,Geophysical Survey,Geophysical Survey,01-10-2014,Completed in October 2014,Stage II of Clearance Survey of wreck of M.V. River Princes off Goa Coast. (Completed in October 2014),15.4,73.8
APM Terminal Pipavav,Bathymetric Survey at Gujarat Pipavav Port Limited,"Pipavav, Gujarat",India,"Ports, Shipyards & Harbours",Asia,Bathymetry Survey,Bathymetry Survey,01-10-2014,Completed in October 2014,Bathymetric Survey at Gujarat Pipavav Port Limited. (Completed in October 2014),20.92,71.51
EGS (Asia) Ltd.,Survey Support Services in Indonesia on vessel EGS Surveyor,Indonesia,Indonesia,Submarine Cable Contractors,Asia,Submarine Cable Route Surveys,Submarine Cable Route Surveys,01-09-2014,Completed in November 2014,Survey Support Services in Indonesia on vessel EGS Surveyor. (Completed in November 2014),-2.5,118
Maritime & Underwater Security Consultants,"Survey Support Services for Van Oord Dredging UXO Relocation Survey, Kuwait",Kuwait,Kuwait,"Government, Defence & Public Sector",Middle East,Gradiometer Surveys for UXO Search,Gradiometer Surveys for UXO Search; Bathymetry Survey; Consultancy for Offshore Projects,01-09-2014,Completed in October 2014,"Survey Support Services for Van Oord Dredging UXO Relocation Survey, Kuwait. (Completed in October 2014)",29.37,47.98
Maritime & Underwater Security Consultants,"Survey Support Services for UXO Survey - KNPC, Kuwait",Kuwait,Kuwait,"Government, Defence & Public Sector",Middle East,Gradiometer Surveys for UXO Search,Gradiometer Surveys for UXO Search; Consultancy for Offshore Projects,01-07-2014,Completed in September 2014,"Survey Support Services for UXO Survey - KNPC, Kuwait. (Completed in September 2014)",29.37,47.98
EGS (Asia) Ltd.,"Survey Support Services at Hanoi, Vietnam",Vietnam,Vietnam,Submarine Cable Contractors,Asia,Submarine Cable Route Surveys,Submarine Cable Route Surveys,01-07-2014,Completed in August 2014,"Survey Support Services at Hanoi, Vietnam. (Completed in August 2014)",20.9,106.6
Amphibia Consultants Pvt. Ltd.,Survey work for BBG Cable Route Project at Mumbai and Chennai,"Chennai, Tamil Nadu",India,Telecom Operators & Cable Owners,Asia,Submarine Cable Route Surveys,Submarine Cable Route Surveys,01-06-2014,Completed in October 2014,Survey work for BBG Cable Route Project at Mumbai and Chennai. (Completed in October 2014),13.083,80.27
"Petrolinvest DD, Bosnia",High Priority Survey for Iraq Common Seawater Supply Project,Persian Gulf (Iraq),Iraq,Oil & Gas,Middle East,Bathymetry Survey,Bathymetry Survey,01-06-2014,,High Priority Survey for Iraq Common Seawater Supply Project.,29.85,48.8
Albatross Marine Services,"Salvage of Anchor in P&V Channel, Mumbai Port","Mumbai, Maharashtra",India,"Marine Salvage, Diving & Shipping",Asia,Geophysical Survey,Geophysical Survey,01-05-2014,Completed in May 2014,"Salvage of Anchor in P&V Channel, Mumbai Port. (Completed in May 2014)",18.95,72.9
EGS (Asia) Ltd.,"Provision of Personnel for Services Provided in Colombo, vessel Northern Endeavour",Sri Lanka,Sri Lanka,Submarine Cable Contractors,Asia,Submarine Cable Route Surveys,Submarine Cable Route Surveys,01-05-2014,Completed in July 2014,"Provision of Personnel for Services Provided in Colombo, vessel Northern Endeavour. (Completed in July 2014)",6.93,79.84
Angre Port Pvt. Limited,Survey of Dredge Channel using Dual Frequency Echosounder of Multibeam Echosounder,"Konkan Coast, Maharashtra",India,"Ports, Shipyards & Harbours",Asia,Bathymetry Survey,Bathymetry Survey,01-03-2014,Completed in March 2014,Survey of Dredge Channel using Dual Frequency Echosounder of Multibeam Echosounder. (Completed in March 2014),17.6,73.2
Arihant Ship Breakers,"Survey of wreck of MV River Princess, off Candolim, Goa",Goa,India,"Marine Salvage, Diving & Shipping",Asia,Geophysical Survey,Geophysical Survey,01-03-2014,Completed in April 2014,"Survey of wreck of MV River Princess, off Candolim, Goa. (Completed in April 2014)",15.4,73.8
Resolve Marine Group,UXO Search Survey Near Sunken Submarine for Resolve Marine Group at Naval Dockyard,India,India,"Marine Salvage, Diving & Shipping",Asia,Gradiometer Surveys for UXO Search,Gradiometer Surveys for UXO Search; Geophysical Survey,01-02-2014,Completed in March 2014,UXO Search Survey Near Sunken Submarine for Resolve Marine Group at Naval Dockyard. (Completed in March 2014),19.076,72.8777
Maritime & Underwater Security Consultants,Bathymetry Survey off Iraq,Persian Gulf (Iraq),Iraq,"Government, Defence & Public Sector",Middle East,Bathymetry Survey,Bathymetry Survey,01-02-2014,Completed in February 2014,Bathymetry Survey off Iraq. (Completed in February 2014),29.85,48.8
Dharti Dredging and Infrastructure Ltd.,Barge Positioning,India,India,Engineering & Construction,Asia,Wide Area Positioning Services,Wide Area Positioning Services,01-01-2014,Completed in April 2014,Barge Positioning. (Completed in April 2014),19.076,72.8777
EGS (Asia) Ltd,BBG Submarine Cable Route Survey off Colombo,Sri Lanka,Sri Lanka,Submarine Cable Contractors,Asia,Submarine Cable Route Surveys,Submarine Cable Route Surveys,01-12-2013,Completed in December 2013,BBG Submarine Cable Route Survey off Colombo. (Completed in December 2013),6.93,79.84
EGS (Asia) Ltd,Provision of Personnel for Services provided in Cebu,Philippines,Philippines,Submarine Cable Contractors,Asia,Submarine Cable Route Surveys,Submarine Cable Route Surveys,01-11-2013,Completed in November 2013,Provision of Personnel for Services provided in Cebu. (Completed in November 2013),10.3,123.9
Dahej Harbour Infrastructure Limited,Bathymetric Survey of DHIL Jetty,"Dahej, Gujarat",India,"Ports, Shipyards & Harbours",Asia,Bathymetry Survey,Bathymetry Survey,01-11-2013,Completed in November 2013,Bathymetric Survey of DHIL Jetty. (Completed in November 2013),21.702,72.584
Dharti Dredging and Infrastructure Ltd.,"Consultancy services for Pinger Survey at Kakinada, Yanam GSPC Project","Kakinada, Andhra Pradesh",India,Engineering & Construction,Asia,Geophysical Survey,Geophysical Survey; Consultancy for Offshore Projects,01-11-2013,Completed in November 2013,"Consultancy services for Pinger Survey at Kakinada, Yanam GSPC Project. (Completed in November 2013)",16.989,82.247
APM Terminals Pipavav,Multibeam Bathymetric Survey at APM Terminals Pipavav,"Pipavav, Gujarat",India,"Ports, Shipyards & Harbours",Asia,Bathymetry Survey,Bathymetry Survey,01-10-2013,Completed in October 2013,Multibeam Bathymetric Survey at APM Terminals Pipavav. (Completed in October 2013),20.92,71.51
Reliance Industries Limited,Deep Water Real Time Current Measurement & MetOcean Services,India,India,Oil & Gas,Asia,Shallow & Deep Water Oceanography,Shallow & Deep Water Oceanography,01-07-2013,Completed,Deep Water Real Time Current Measurement & MetOcean Services. (Completed),19.076,72.8777
Mumbai Port Trust,Bathymetry Survey at MPT,"Mumbai, Maharashtra",India,"Ports, Shipyards & Harbours",Asia,Bathymetry Survey,Bathymetry Survey,01-07-2013,Completed in July 2013,Bathymetry Survey at MPT. (Completed in July 2013),18.95,72.9
HPCL-Mittal Energy Ltd.,Hydraulic Survey at the SPM location at Mundra,"Mundra, Gujarat",India,Oil & Gas,Asia,Offshore Platform Site & Pipeline Route Surveys,Offshore Platform Site & Pipeline Route Surveys; Shallow & Deep Water Oceanography,01-06-2013,Completed in June 2014,Hydraulic Survey at the SPM location at Mundra. (Completed in June 2014),22.839,69.721
Engineers India Ltd.,"As-Built Survey of Breakwaters at RGPPL, Dabhol","Konkan Coast, Maharashtra",India,"Government, Defence & Public Sector",Asia,Offshore Platform Site & Pipeline Route Surveys,Offshore Platform Site & Pipeline Route Surveys,01-05-2013,Completed in May 2013,"As-Built Survey of Breakwaters at RGPPL, Dabhol. (Completed in May 2013)",17.6,73.2
Maritime & Underwater Security Consultants,Survey Support Services (Provision of professional Personnel and Equipment) for Al Faw Grand Port Project,Persian Gulf (Iraq),Iraq,"Government, Defence & Public Sector",Middle East,Consultancy for Offshore Projects,Consultancy for Offshore Projects,01-04-2013,Completed in July 2013,Survey Support Services (Provision of professional Personnel and Equipment) for Al Faw Grand Port Project. (Completed in July 2013),29.85,48.8
EGS Asia Limited,Provision of Personnel for services in Brazil,Brazil,Brazil,Submarine Cable Contractors,South America,Submarine Cable Route Surveys,Submarine Cable Route Surveys,01-04-2013,Completed in April 2013,Provision of Personnel for services in Brazil. (Completed in April 2013),-22.9,-43.2
Vizhinjam International Seaport Limited,"Current, Wave and Tidal observations (for one year)","Vizhinjam, Kerala",India,"Ports, Shipyards & Harbours",Asia,Shallow & Deep Water Oceanography,Shallow & Deep Water Oceanography,01-01-2013,Completed in February 2014,"Current, Wave and Tidal observations (for one year). (Completed in February 2014)",8.378,76.99
APM Terminals Pipavav,Multibeam Bathymetry Survey at Terminal Pipavav Port.,"Pipavav, Gujarat",India,"Ports, Shipyards & Harbours",Asia,Bathymetry Survey,Bathymetry Survey,01-11-2012,Completed in December 2012,Multibeam Bathymetry Survey at Terminal Pipavav Port (Completed in December 2012),20.92,71.51
Cargo Motors Pvt. Ltd.,Marine Geophysical Survey at Nargol,Nargol/Daman,India,Industrial & Materials,Asia,Geophysical Survey,Geophysical Survey,01-11-2012,Completed in December 2012,Marine Geophysical Survey at Nargol. (Completed in December 2012),20.2,72.75
Dharti Dredging and Infrastructure Ltd.,Pipeline Trench Survey and Soil and Water Sampling at Yanam,"Kakinada, Andhra Pradesh",India,Engineering & Construction,Asia,Offshore Platform Site & Pipeline Route Surveys,Offshore Platform Site & Pipeline Route Surveys; Shallow & Deep Water Oceanography,01-10-2012,Completed in October 2012,Pipeline Trench Survey and Soil and Water Sampling at Yanam. (Completed in October 2012),16.989,82.247
Boskalis Dredging India Pvt. Ltd.,Multibeam Survey in JNPT and MBPT Channel,"Mumbai, Maharashtra",India,Engineering & Construction,Asia,Bathymetry Survey,Bathymetry Survey,01-09-2012,Completed in September 2012,Multibeam Survey in JNPT and MBPT Channel. (Completed in September 2012),18.95,72.9
Hiranandani Gas Company Pvt. Ltd.,Desk Top Study and Bathymetry Survey,"South Pars, Iran",Iran,Oil & Gas,Middle East,Desktop Study for Offshore Projects,Desktop Study for Offshore Projects; Bathymetry Survey,01-07-2012,Completed in October 2012,Desk Top Study and Bathymetry Survey. (Completed in October 2012),26.5,52
"Indian Oil Corporation Ltd., Jamnagar","Free Span Survey of 12"" Dia AHPL across Narmada River crossing","Jamnagar, Gujarat",India,Oil & Gas,Asia,Cathodic Protection (CP) Survey,Cathodic Protection (CP) Survey,01-06-2012,Completed in June 2012,"Free Span Survey of 12"" Dia AHPL across Narmada River crossing. (Completed in June 2012)",22.47,70.06
Dharti Dredging and Infrastructure Ltd.,Post back fill survey of trenched IOCL pipeline at Paradip,"Paradip, Odisha",India,Engineering & Construction,Asia,Offshore Platform Site & Pipeline Route Surveys,Offshore Platform Site & Pipeline Route Surveys,01-06-2012,Completed in June 2012,Post back fill survey of trenched IOCL pipeline at Paradip. (Completed in June 2012),20.316,86.611
Sealord Diving & Salvage Pvt. Ltd.,Container Search Survey at JNPT,"Mumbai, Maharashtra",India,"Marine Salvage, Diving & Shipping",Asia,Geophysical Survey,Geophysical Survey,01-05-2012,Completed in May 2012,Container Search Survey at JNPT. (Completed in May 2012),18.95,72.9
Senes Consultants India Pvt. Ltd.,"Marine Water Sampling off Jakhau, Gujarat","Jakhau, Gujarat",India,Engineering & Construction,Asia,Shallow & Deep Water Oceanography,Shallow & Deep Water Oceanography,01-05-2012,Completed in May 2012,"Marine Water Sampling off Jakhau, Gujarat. (Completed in May 2012)",23.2167,68.7167
WAPCOS Ltd.,Bathymetry and Sub-bottom profiling survey at Navabandar Fisheries Harbour,"Navabandar, Gujarat",India,"Government, Defence & Public Sector",Asia,Geophysical Survey,Geophysical Survey; Bathymetry Survey,01-04-2012,Completed in April 2012,Bathymetry and Sub-bottom profiling survey at Navabandar Fisheries Harbour. (Completed in April 2012),20.9,71.5
Suzlon Energy Ltd.,Seabed Engineering and Oceanographic Investigations off Navlakhi,"Gulf of Kutch, Gujarat",India,Power & Renewables,Asia,Shallow & Deep Water Oceanography,Shallow & Deep Water Oceanography,01-03-2012,Completed in April 2012,Seabed Engineering and Oceanographic Investigations off Navlakhi. (Completed in April 2012),22.6,69.8
"Indian Oil Corporation Ltd., Jamnagar","Offshore Pipeline Survey at WRPL, Vadinar","Jamnagar, Gujarat",India,Oil & Gas,Asia,Offshore Platform Site & Pipeline Route Surveys,Offshore Platform Site & Pipeline Route Surveys,01-03-2012,Completed in April 2012,"Offshore Pipeline Survey at WRPL, Vadinar. (Completed in April 2012)",22.47,70.06
Aqua Echo-Tech Industries,Bathymetry Survey in Angul (Orissa),Central/East India,India,Industrial & Materials,Asia,Bathymetry Survey,Bathymetry Survey,01-01-2012,Completed in January 2012,Bathymetry Survey in Angul (Orissa). (Completed in January 2012),22,79
Timblo Shipyards,Bathymetry Survey in Dabhol,"Konkan Coast, Maharashtra",India,"Ports, Shipyards & Harbours",Asia,Bathymetry Survey,Bathymetry Survey,01-01-2012,Completed in January 2012,Bathymetry Survey in Dabhol. (Completed in January 2012),17.6,73.2
Jawaharlal Nehru Port Trust,Multibeam Bathymetry and Sub-Bottom Profiler Survey at JNPT and Mumbai Port,"Mumbai, Maharashtra",India,"Ports, Shipyards & Harbours",Asia,Geophysical Survey,Geophysical Survey; Bathymetry Survey,01-11-2011,Completed in December 2011,Multibeam Bathymetry and Sub-Bottom Profiler Survey at JNPT and Mumbai Port. (Completed in December 2011),18.95,72.9
HMR Environmental Engineering Consultants.,"Site Investigation and studies off Sur, Oman",Oman,Oman,Engineering & Construction,Middle East,Bathymetry Survey,Bathymetry Survey,01-09-2011,Completed in December 2011,"Site Investigation and studies off Sur, Oman. (Completed in December 2011)",23.6,58.5
Jaisu Shipping Company Pvt. Ltd.,Seabed Engineering Survey for Mumbai Port Trust,"Mumbai, Maharashtra",India,"Marine Salvage, Diving & Shipping",Asia,Bathymetry Survey,Bathymetry Survey,01-09-2011,Completed in Sept 2011,Seabed Engineering Survey for Mumbai Port Trust. (Completed in Sept 2011),18.95,72.9
"Reliance Globalcom Ltd., UK",Additional UXO search / Cable Route Survey for Iraq Spur (addendum to Main contract at # 15),Persian Gulf (Iraq),Iraq,Telecom Operators & Cable Owners,Middle East,Gradiometer Surveys for UXO Search,Gradiometer Surveys for UXO Search; Submarine Cable Route Surveys,01-08-2011,Completed in September 2011,Additional UXO search / Cable Route Survey for Iraq Spur (addendum to Main contract at # 15). (Completed in September 2011),29.85,48.8
"Pipavav Shipyard Ltd., Mumbai","Bathymetry, Oceanographic Survey for Mathematical Modelling","Pipavav, Gujarat",India,"Ports, Shipyards & Harbours",Asia,Shallow & Deep Water Oceanography,Shallow & Deep Water Oceanography; Bathymetry Survey,01-08-2011,Completed in September 2011,"Bathymetry, Oceanographic Survey for Mathematical Modelling. (Completed in September 2011)",20.92,71.51
TE Subcom / Amphibia consultants,GBI segment 15 Cable Route Survey,India,India,Telecom Operators & Cable Owners,Asia,Submarine Cable Route Surveys,Submarine Cable Route Surveys,01-03-2011,Completed in June 2011,GBI segment 15 Cable Route Survey. (Completed in June 2011),19.076,72.8777
"Varuna Global Services, Navi Mumbai",Seabed Engineering and Oceanographic Surveys for the development of Vijaydurg Port,"Konkan Coast, Maharashtra",India,"Marine Salvage, Diving & Shipping",Asia,Shallow & Deep Water Oceanography,Shallow & Deep Water Oceanography,01-02-2011,Completed in March 2011,Seabed Engineering and Oceanographic Surveys for the development of Vijaydurg Port. (Completed in March 2011),17.6,73.2
"International Seaport Dredging Ltd., Kakinada",Magnetometer Survey,"Kakinada, Andhra Pradesh",India,Engineering & Construction,Asia,Geophysical Survey,Geophysical Survey,01-01-2011,Completed in February 2011,Magnetometer Survey. (Completed in February 2011),16.989,82.247
"Reliance Globalcom Ltd., UK",CPT Survey off Iraq (addendum to Main contract at # 15),Persian Gulf (Iraq),Iraq,Telecom Operators & Cable Owners,Middle East,Geotechnical Services,Geotechnical Services,01-12-2010,Completed in January 2011,CPT Survey off Iraq (addendum to Main contract at # 15). (Completed in January 2011),29.85,48.8
"Yak Group, Navi Mumbai","Hydrographic Survey in Narmada River, Bharuch","Konkan Coast, Maharashtra",India,"Marine Salvage, Diving & Shipping",Asia,Bathymetry Survey,Bathymetry Survey,01-12-2010,Completed in December 2010,"Hydrographic Survey in Narmada River, Bharuch. (Completed in December 2010)",17.6,73.2
"E-marine PJSC, UAE","ROV Search Survey, Mumbai","Mumbai, Maharashtra",India,Submarine Cable Contractors,Asia,Geophysical Survey,Geophysical Survey,01-12-2010,Completed in December 2010,"ROV Search Survey, Mumbai. (Completed in December 2010)",18.95,72.9
"Central Water Commission, New Delhi",Capacity Survey on Dudhwa Reservoir,Dudhwa Reservoir,India,"Government, Defence & Public Sector",Asia,Shallow & Deep Water Oceanography,Shallow & Deep Water Oceanography,01-12-2010,Completed in January 2011,Capacity Survey on Dudhwa Reservoir. (Completed in January 2011),22.6,81
"Reliance Globalcom Ltd., UK",UXO Data Processing for Cable Route Survey off Iraq (addendum to Main contract at # 15),Persian Gulf (Iraq),Iraq,Telecom Operators & Cable Owners,Middle East,Gradiometer Surveys for UXO Search,Gradiometer Surveys for UXO Search; Submarine Cable Route Surveys,01-12-2010,Completed in January 2011,UXO Data Processing for Cable Route Survey off Iraq (addendum to Main contract at # 15). (Completed in January 2011),29.85,48.8
"Geo Structurals Ltd., Kochi",Bathymetry and Seismic Survey at proposed port for KSIIDC at Tadri,"Kochi, Kerala",India,Engineering & Construction,Asia,Geophysical Survey,Geophysical Survey; Bathymetry Survey,01-12-2010,Completed in January 2011,Bathymetry and Seismic Survey at proposed port for KSIIDC at Tadri. (Completed in January 2011),9.931,76.267
"Pipavav Shipyard Ltd, Mumbai",Bathymetry Survey at Pipavav,"Pipavav, Gujarat",India,"Ports, Shipyards & Harbours",Asia,Bathymetry Survey,Bathymetry Survey,01-12-2010,Completed in December 2010,Bathymetry Survey at Pipavav. (Completed in December 2010),20.92,71.51
"Maritime & Under water Security Consultants (MUSC), UK",UXO Mitigation Project off Iraq,Persian Gulf (Iraq),Iraq,"Government, Defence & Public Sector",Middle East,Gradiometer Surveys for UXO Search,Gradiometer Surveys for UXO Search,01-11-2010,Completed in December 2010,UXO Mitigation Project off Iraq. (Completed in December 2010),29.85,48.8
"MUSC FZE, UAE",Survey Support for UXO Mitigation Project of SOC/ MUSC off Iraq,Persian Gulf (Iraq),Iraq,"Government, Defence & Public Sector",Middle East,Gradiometer Surveys for UXO Search,Gradiometer Surveys for UXO Search; Consultancy for Offshore Projects,01-10-2010,Completed in July 2011,Survey Support for UXO Mitigation Project of SOC/ MUSC off Iraq. (Completed in July 2011),29.85,48.8
"Mumbai Port Trust, Mumbai","Search Survey (Containers, Debris & Other objects)","Mumbai, Maharashtra",India,"Ports, Shipyards & Harbours",Asia,Geophysical Survey,Geophysical Survey,01-08-2010,Completed in August 2010,"Search Survey (Containers, Debris & Other objects). (Completed in August 2010)",18.95,72.9
"Reliance Globalcom Ltd., UK",UXO search / Cable Route Survey for Iraq Spur,Persian Gulf (Iraq),Iraq,Telecom Operators & Cable Owners,Middle East,Gradiometer Surveys for UXO Search,Gradiometer Surveys for UXO Search; Submarine Cable Route Surveys,01-08-2010,Completed in October 2010,UXO search / Cable Route Survey for Iraq Spur. (Completed in October 2010),29.85,48.8
"Smit Salvage, Singapore","Search Survey (Containers, Debris & Other objects) in Mumbai Harbour",Singapore,Singapore,"Marine Salvage, Diving & Shipping",Asia,Geophysical Survey,Geophysical Survey,01-08-2010,Completed in September 2010,"Search Survey (Containers, Debris & Other objects) in Mumbai Harbour. (Completed in September 2010)",1.35,103.82
"Godrej Industries Ltd., Mumbai","Multibeam Bathymetry Survey for development of Marina, off Chowpatty, Mumbai covering an area of 10sq.km","Mumbai, Maharashtra",India,Industrial & Materials,Asia,Bathymetry Survey,Bathymetry Survey,01-04-2010,Completed in May 2010,"Multibeam Bathymetry Survey for development of Marina, off Chowpatty, Mumbai covering an area of 10sq.km. (Completed in May 2010)",18.95,72.9
"WesternGeco, Navi Mumbai","Scouting Survey (DGPS) off Porbunder, West Coast of India covering an area of 40sq.km","Konkan Coast, Maharashtra",India,Oil & Gas,Asia,Wide Area Positioning Services,Wide Area Positioning Services,01-04-2010,Completed in May 2010,"Scouting Survey (DGPS) off Porbunder, West Coast of India covering an area of 40sq.km. (Completed in May 2010)",17.6,73.2
"WesternGeco, Navi Mumbai","Stake Net Scouting Survey (DGPS) off Pipavav, West Coast of India covering an area of 50sq.km","Konkan Coast, Maharashtra",India,Oil & Gas,Asia,Wide Area Positioning Services,Wide Area Positioning Services,01-11-2009,Completed in March 2010,"Stake Net Scouting Survey (DGPS) off Pipavav, West Coast of India covering an area of 50sq.km. (Completed in March 2010)",17.6,73.2
"Dunnimaa Divers, Navi Mumbai",DGPS positioning survey for MHN-H Pipeline and Modification Project,"Konkan Coast, Maharashtra",India,"Marine Salvage, Diving & Shipping",Asia,Offshore Platform Site & Pipeline Route Surveys,Offshore Platform Site & Pipeline Route Surveys; Wide Area Positioning Services,01-11-2009,Completed in January 2010,DGPS positioning survey for MHN-H Pipeline and Modification Project. (Completed in January 2010),17.6,73.2
"Dunnimaa Divers, Navi Mumbai",DGPS Positioning survey for BBBLRP Phase II,"Konkan Coast, Maharashtra",India,"Marine Salvage, Diving & Shipping",Asia,Wide Area Positioning Services,Wide Area Positioning Services,01-11-2009,Completed in January 2010,DGPS Positioning survey for BBBLRP Phase II. (Completed in January 2010),17.6,73.2
"SSS Electricals India Pvt. Ltd., Mumbai",CP survey of Bay Pipeline of ONGC,"Mumbai, Maharashtra",India,Engineering & Construction,Asia,Cathodic Protection (CP) Survey,Cathodic Protection (CP) Survey; Offshore Platform Site & Pipeline Route Surveys,01-10-2009,Completed in November 2009,CP survey of Bay Pipeline of ONGC. (Completed in November 2009),18.95,72.9
M/s. Bharti Airtel,"Cable Route Survey off Mumbai (EIG & I-ME-WE) using Single & Multibeam Echo sounder, DGPS, Side Scan Sonar & Sub-bottom Profiler covering an area of 1500sq.km","Mumbai, Maharashtra",India,Telecom Operators & Cable Owners,Asia,Submarine Cable Route Surveys,Submarine Cable Route Surveys; Wide Area Positioning Services; Geophysical Survey,01-09-2009,Completed in October 2009,"Cable Route Survey off Mumbai (EIG & I-ME-WE) using Single & Multibeam Echo sounder, DGPS, Side Scan Sonar & Sub-bottom Profiler covering an area of 1500sq.km. (Completed in October 2009)",18.95,72.9
"South Oil Company Iraq / MUSC, UK","Survey in Iraqi Waters (Persian Gulf) using Multibeam Echo sounder, DGPS, Side Scan Sonar, Sub-bottom Profiler, Gradiometer covering an area of 170sq.km",Persian Gulf (Iraq),Iraq,"Government, Defence & Public Sector",Middle East,Wide Area Positioning Services,Wide Area Positioning Services; Geophysical Survey; Bathymetry Survey,01-02-2009,Completed in October 2009,"Survey in Iraqi Waters (Persian Gulf) using Multibeam Echo sounder, DGPS, Side Scan Sonar, Sub-bottom Profiler, Gradiometer covering an area of 170sq.km. (Completed in October 2009)",29.85,48.8
Mangalore Refinery & Petrochemicals Ltd. / Consulting Engg. Services,"Bathymetry, Geophysical & Oceanographic Survey for SPM facilities off Mangalore Coast covering an area of 20sq.km","Mangalore, Karnataka",India,Oil & Gas,Asia,Offshore Platform Site & Pipeline Route Surveys,Offshore Platform Site & Pipeline Route Surveys; Shallow & Deep Water Oceanography; Geophysical Survey,01-02-2009,Completed in March 2009,"Bathymetry, Geophysical & Oceanographic Survey for SPM facilities off Mangalore Coast covering an area of 20sq.km. (Completed in March 2009)",12.91,74.86
"Good Earth Maritime Ltd., Chennai",Bathymetric Survey in Kori Creek covering an area of 70sq.km,"Gulf of Kutch, Gujarat",India,"Marine Salvage, Diving & Shipping",Asia,Bathymetry Survey,Bathymetry Survey,01-02-2009,Completed in March 2009,Bathymetric Survey in Kori Creek covering an area of 70sq.km. (Completed in March 2009),22.6,69.8
"WesternGeco, Navi Mumbai",Bathymetry Survey off Kakinada covering an area of 70sq.km,"Konkan Coast, Maharashtra",India,Oil & Gas,Asia,Bathymetry Survey,Bathymetry Survey,01-02-2009,Completed in March 2009,Bathymetry Survey off Kakinada covering an area of 70sq.km. (Completed in March 2009),17.6,73.2
"Adani Power Dahej (Ltd), Ahmedabad",Current Monitoring in Narmada river Dahej,"Narmada, Gujarat",India,Power & Renewables,Asia,Shallow & Deep Water Oceanography,Shallow & Deep Water Oceanography,01-01-2009,Completed in January 2009,Current Monitoring in Narmada river Dahej. (Completed in January 2009),21.7,72.9
EGS(Asia)/Tyco,Desk Top Study at Fujairah/Kalba for EIG cable system,UAE,United Arab Emirates,Telecom Operators & Cable Owners,Middle East,Submarine Cable Route Surveys,Submarine Cable Route Surveys; Desktop Study for Offshore Projects,01-12-2008,Completed in December 2008,Desk Top Study at Fujairah/Kalba for EIG cable system. (Completed in December 2008),24.47,54.37
"Punj Lloyd Ltd, Mumbai","As-laid pipeline crossing Survey for Heera Redevelopment Project using Echo sounder, DGPS, Side Scan Sonar, Sub-bottom Profiler covering an area of 60sq.km","Mumbai, Maharashtra",India,Engineering & Construction,Asia,Offshore Platform Site & Pipeline Route Surveys,Offshore Platform Site & Pipeline Route Surveys; Wide Area Positioning Services; Geophysical Survey,01-12-2008,Completed in January 2009,"As-laid pipeline crossing Survey for Heera Redevelopment Project using Echo sounder, DGPS, Side Scan Sonar, Sub-bottom Profiler covering an area of 60sq.km. (Completed in January 2009)",18.95,72.9
Airtel/TATA,Bathymetric and Geophysical Cable Route Survey off Mumbai (EIG/I-ME-WE),"Mumbai, Maharashtra",India,Telecom Operators & Cable Owners,Asia,Submarine Cable Route Surveys,Submarine Cable Route Surveys; Geophysical Survey; Bathymetry Survey,01-10-2008,Completed in January 2009,Bathymetric and Geophysical Cable Route Survey off Mumbai (EIG/I-ME-WE). (Completed in January 2009),18.95,72.9
"Punj Lloyd Ltd, Mumbai",Weather Forecast Services,"Mumbai, Maharashtra",India,Engineering & Construction,Asia,Weather Forecasting Services,Weather Forecasting Services,01-09-2008,Completed in December 2008,Weather Forecast Services. (Completed in December 2008),18.95,72.9
E-Marine UAE,Cable Route Survey off Abu Dhabi,UAE,United Arab Emirates,Submarine Cable Contractors,Middle East,Submarine Cable Route Surveys,Submarine Cable Route Surveys,01-09-2008,Completed in September 2008,Cable Route Survey off Abu Dhabi. (Completed in September 2008),24.47,54.37
E-Marine UAE,DGPS Positioning of Cable laying,UAE,United Arab Emirates,Submarine Cable Contractors,Middle East,Submarine Cable Route Surveys,Submarine Cable Route Surveys; Wide Area Positioning Services,01-08-2008,Completed in September 2008,DGPS Positioning of Cable laying. (Completed in September 2008),25.2048,55.2708
"Du, Dubai",Desk Top Study for Cable Landing in Fujairah for EIG cable system,UAE,United Arab Emirates,Telecom Operators & Cable Owners,Middle East,Submarine Cable Route Surveys,Submarine Cable Route Surveys; Desktop Study for Offshore Projects,01-08-2008,Completed in August 2008,Desk Top Study for Cable Landing in Fujairah for EIG cable system. (Completed in August 2008),24.47,54.37
"Good Earth Shipbuilding Pvt. Ltd., Chennai","Bathymetric Survey off Porto Novo, Cuddalore","Chennai, Tamil Nadu",India,"Ports, Shipyards & Harbours",Asia,Bathymetry Survey,Bathymetry Survey,01-07-2008,Completed in July 2008.,"Bathymetric Survey off Porto Novo, Cuddalore. (Completed in July 2008.)",13.083,80.27
"E-marine, UAE",Cable Route Survey off Abu Dhabi,UAE,United Arab Emirates,Submarine Cable Contractors,Middle East,Submarine Cable Route Surveys,Submarine Cable Route Surveys,01-06-2008,Completed in June 2008,Cable Route Survey off Abu Dhabi. (Completed in June 2008),24.47,54.37
"Leighton, Jamnagar","Pre-Construction Survey For Bina Refinery Project using Multibeam Echo sounder, DGPS, Side Scan Sonar, Sub-bottom Profiler","Jamnagar, Gujarat",India,Engineering & Construction,Asia,Wide Area Positioning Services,Wide Area Positioning Services; Geophysical Survey; Bathymetry Survey,01-06-2008,Completed in June 2008,"Pre-Construction Survey For Bina Refinery Project using Multibeam Echo sounder, DGPS, Side Scan Sonar, Sub-bottom Profiler. (Completed in June 2008)",22.47,70.06
E-Marine UAE,Pre-recovery cable route survey off Mumbai for M/s. Tata Communications Ltd.,"Mumbai, Maharashtra",India,Submarine Cable Contractors,Asia,Submarine Cable Route Surveys,Submarine Cable Route Surveys,01-05-2008,Completed in May 2008,Pre-recovery cable route survey off Mumbai for M/s. Tata Communications Ltd (Completed in May 2008),18.95,72.9
"Essar Oil Ltd, Salaya",Bathymetric and Geo-physical survey at Salaya inner channel along the navigational channel northward to Salaya outer channel in Gulf of Kachch,"Gulf of Kutch, Gujarat",India,Oil & Gas,Asia,Bathymetry Survey,Bathymetry Survey,01-04-2008,Completed in April 2008,Bathymetric and Geo-physical survey at Salaya inner channel along the navigational channel northward to Salaya outer channel in Gulf of Kachch. (Completed in April 2008),22.6,69.8
Mundra Port Special Economic Zone,"Bathymetric, Geophysical and Seismic Survey","Mundra, Gujarat",India,"Ports, Shipyards & Harbours",Asia,Geophysical Survey,Geophysical Survey; Bathymetry Survey,01-04-2008,Completed in April 2008,"Bathymetric, Geophysical and Seismic Survey. (Completed in April 2008)",22.839,69.721
Western Geco International,Bathymetry and Scouting Survey at Vessel M V Emma,India,India,Oil & Gas,Asia,Wide Area Positioning Services,Wide Area Positioning Services; Bathymetry Survey,01-03-2008,Completed in April 2008,Bathymetry and Scouting Survey at Vessel M V Emma. (Completed in April 2008),19.076,72.8777
Geostar Surveys,Multibeam Bathymetry survey at Ravva Field,"Ravva Field, Andhra Pradesh",India,Survey & Geoscience Contractors,Asia,Bathymetry Survey,Bathymetry Survey,01-03-2008,Completed,Multibeam Bathymetry survey at Ravva Field. (Completed),16.35,82
Prince Marine Transport Services Pvt Ltd,Bathymetric and Dredging Survey (volume calculation) at Jaigarh Port,"Konkan Coast, Maharashtra",India,"Marine Salvage, Diving & Shipping",Asia,Bathymetry Survey,Bathymetry Survey,01-12-2007,Completed,Bathymetric and Dredging Survey (volume calculation) at Jaigarh Port. (Completed),17.6,73.2
"Guru Gobind Singh Refineries Ltd., New Delhi","Bathymetric, Geophysical survey, Oceanographic Investigations and Marine Geotechnical Investigations off Mundra for Punjab Refinery Project.","Mundra, Gujarat",India,Oil & Gas,Asia,Geotechnical Services,Geotechnical Services; Shallow & Deep Water Oceanography; Geophysical Survey,01-11-2007,Completed in March 2008,"Bathymetric, Geophysical survey, Oceanographic Investigations and Marine Geotechnical Investigations off Mundra for Punjab Refinery Project (Completed in March 2008)",22.839,69.721
"E-Marine, UAE",Cable route survey for Taweelah - Ghurab - Shahama FO Link off Persian Gulf,Persian Gulf (Iraq),Iraq,Submarine Cable Contractors,Middle East,Submarine Cable Route Surveys,Submarine Cable Route Surveys,01-11-2007,Completed in March 2008,Cable route survey for Taweelah - Ghurab - Shahama FO Link off Persian Gulf. (Completed in March 2008),29.85,48.8
"Tamil Nadu Water Investment Company Ltd., Chennai","Carrying out bathymetry survey and current observations off Thane creek, West Coast of India.","Chennai, Tamil Nadu",India,"Government, Defence & Public Sector",Asia,Shallow & Deep Water Oceanography,Shallow & Deep Water Oceanography; Bathymetry Survey,01-11-2007,Completed in January 2008,"Carrying out bathymetry survey and current observations off Thane creek, West Coast of India (Completed in January 2008)",13.083,80.27
"E-Marine, UAE",Provided services of Surveyors to carry out cable route surveys for QG-2 Project off Persian Gulf.,Persian Gulf (Iraq),Iraq,Submarine Cable Contractors,Middle East,Submarine Cable Route Surveys,Submarine Cable Route Surveys; Consultancy for Offshore Projects,01-11-2007,Completed in March 2008,Provided services of Surveyors to carry out cable route surveys for QG-2 Project off Persian Gulf (Completed in March 2008),29.85,48.8
EGS (Asia) Ltd.,"Provided services of surveyors, engineer and data processors to EGS (Asia) Ltd. for various survey activities off Philippines, Singapore and Indonesia on board their various vessels.",Philippines,Philippines,Submarine Cable Contractors,Asia,Submarine Cable Route Surveys,Submarine Cable Route Surveys,01-09-2007,Completed in November 2007,"Provided services of surveyors, engineer and data processors to EGS (Asia) Ltd. for various survey activities off Philippines, Singapore and Indonesia on board their various vessels (Completed in November 2007)",10.3,123.9
"E-Marine, UAE","Carried out 960 km long Cable route surveys in Persian Gulf using Multibeam Echo sounder, DGPS, Side Scan Sonar, Sub-bottom Profiler",Persian Gulf (Iraq),Iraq,Submarine Cable Contractors,Middle East,Submarine Cable Route Surveys,Submarine Cable Route Surveys; Wide Area Positioning Services; Geophysical Survey,01-09-2007,Completed in October 2007,"Carried out 960 km long Cable route surveys in Persian Gulf using Multibeam Echo sounder, DGPS, Side Scan Sonar, Sub-bottom Profiler. (Completed in October 2007)",29.85,48.8
Shri Krishna Enterprises / Mumbai Port Trust,Bathymetric and Side Scan Sonar surveys at Mumbai Port Trust for locating lost object at Mumbai Port.,"Mumbai, Maharashtra",India,"Ports, Shipyards & Harbours",Asia,Geophysical Survey,Geophysical Survey; Bathymetry Survey,01-08-2007,Completed in August 2007,Bathymetric and Side Scan Sonar surveys at Mumbai Port Trust for locating lost object at Mumbai Port (Completed in August 2007),18.95,72.9
"Good Earth Ship Building Pvt. Ltd., Chennai","Carried out Bathymetry survey at Porto Nova, Tamil Nadu","Chennai, Tamil Nadu",India,"Ports, Shipyards & Harbours",Asia,Bathymetry Survey,Bathymetry Survey,01-06-2007,Completed in July 2007,"Carried out Bathymetry survey at Porto Nova, Tamil Nadu. (Completed in July 2007)",13.083,80.27
EGS Kazakhstan,Provisioning of technical personnel for MetOcean project,Kazakhstan,Kazakhstan,Submarine Cable Contractors,Asia,Submarine Cable Route Surveys,Submarine Cable Route Surveys; Shallow & Deep Water Oceanography,01-06-2007,Completed in July 2009.,Provisioning of technical personnel for MetOcean project. (Completed in July 2009.),47,51.9
EGS (Asia) Ltd.,Provisioning of personnel for cable route survey project,India,India,Submarine Cable Contractors,Asia,Submarine Cable Route Surveys,Submarine Cable Route Surveys; Consultancy for Offshore Projects,01-05-2007,Completed in July 2007,Provisioning of personnel for cable route survey project. (Completed in July 2007),19.076,72.8777
Dunimmaa Divers & Engineers Pvt. Ltd,"DGPS Positioning services for IOCL off Paradip, East Coast of India.","Paradip, Odisha",India,"Marine Salvage, Diving & Shipping",Asia,Wide Area Positioning Services,Wide Area Positioning Services,01-05-2007,Completed in June 2007,"DGPS Positioning services for IOCL off Paradip, East Coast of India (Completed in June 2007)",20.316,86.611
EGS (Asia) Ltd.,Desk Top Study for the MTL project in West Coast of India,India,India,Submarine Cable Contractors,Asia,Desktop Study for Offshore Projects,Desktop Study for Offshore Projects,01-04-2007,Completed in April 2007,Desk Top Study for the MTL project in West Coast of India. (Completed in April 2007),19.076,72.8777
"Oil & Natural Gas Corporation Ltd., Mumbai","Bathymetric, Geophysical and Oceanographic survey for Acquiring additional data for covering of exposure of 36"" SBHT pipeline across Mindola River, Gujarat, West Coast of India","Jamnagar, Gujarat",India,Oil & Gas,Asia,Offshore Platform Site & Pipeline Route Surveys,Offshore Platform Site & Pipeline Route Surveys; Shallow & Deep Water Oceanography; Geophysical Survey,01-04-2007,Completed in November 2007,"Bathymetric, Geophysical and Oceanographic survey for Acquiring additional data for covering of exposure of 36"" SBHT pipeline across Mindola River, Gujarat, West Coast of India. (Completed in November 2007)",22.47,70.06
EGS (Asia) Ltd.,Provisioning of personnel on board R.V. Ridley Thomas in Australia / USA,Australia,Australia,Submarine Cable Contractors,Oceania,Submarine Cable Route Surveys,Submarine Cable Route Surveys,01-03-2007,Completed in July 2007,Provisioning of personnel on board R.V. Ridley Thomas in Australia / USA. (Completed in July 2007),-25,133
"Dolphin Offshore Enterprises India Ltd.,","Bathymetry survey at Nhava jetty, West Coast of India","Mumbai, Maharashtra",India,Oil & Gas,Asia,Bathymetry Survey,Bathymetry Survey,01-03-2007,Completed in March 2007,"Bathymetry survey at Nhava jetty, West Coast of India. (Completed in March 2007)",18.95,72.9
Ocean Centre Pvt. Ltd.,"DGPS Positioning project at Paradip, off East Coast of India","Paradip, Odisha",India,Survey & Geoscience Contractors,Asia,Wide Area Positioning Services,Wide Area Positioning Services,01-02-2007,Completed in March 2007,"DGPS Positioning project at Paradip, off East Coast of India. (Completed in March 2007)",20.316,86.611
Punj Lloyd Ltd. / ONGC,"Pre-Engineering Geophysical surveys, Pre-Engineering Platform Survey by divers, Pre-Construction Anchor Clearance Survey, Pre-Construction Riser Survey, Post-Construction / As Built Survey and Cathodic Protection (CP) Survey for Heera Re-Development Project of ONGC in West Coast of India.","Mumbai, Maharashtra",India,Oil & Gas,Asia,Cathodic Protection (CP) Survey,Cathodic Protection (CP) Survey; Offshore Platform Site & Pipeline Route Surveys; Geophysical Survey,01-03-2007,Completed in December 2007.,"Pre-Engineering Geophysical surveys, Pre-Engineering Platform Survey by divers, Pre-Construction Anchor Clearance Survey, Pre-Construction Riser Survey, Post-Construction / As Built Survey and Cathodic Protection (CP) Survey for Heera Re-Development Project of ONGC in West Coast of India (Completed in December 2007.)",18.95,72.9
DBM Geotechnics & Constructions Pvt. Ltd.,"Bathymetry surveys at Jaffrabad, Gujarat, West Coast of India","Jafrabad, Gujarat",India,Engineering & Construction,Asia,Bathymetry Survey,Bathymetry Survey,01-03-2007,Completed in March 2007,"Bathymetry surveys at Jaffrabad, Gujarat, West Coast of India. (Completed in March 2007)",20.87,71.37
Iranian Oil & Engineering Construction Company (IOEC),"Bathymetric, Geophysical / Engineering survey for Phase 17 and 18 in North Persian Gulf using Multibeam Echo sounder.",Persian Gulf (Iran),Iran,Oil & Gas,Middle East,Geophysical Survey,Geophysical Survey; Bathymetry Survey,01-12-2006,Completed in February 2007.,"Bathymetric, Geophysical / Engineering survey for Phase 17 and 18 in North Persian Gulf using Multibeam Echo sounder (Completed in February 2007.)",27.3,52.6
Iranian Oil & Engineering Construction Company (IOEC),"Bathymetric, Geophysical / Engineering survey for Phase 15 and 16 in North Persian Gulf using Multibeam Echo sounder.",Persian Gulf (Iran),Iran,Oil & Gas,Middle East,Geophysical Survey,Geophysical Survey; Bathymetry Survey,01-12-2006,Completed in February 2007.,"Bathymetric, Geophysical / Engineering survey for Phase 15 and 16 in North Persian Gulf using Multibeam Echo sounder (Completed in February 2007.)",27.3,52.6
"Horizon Survey Company FZC, UAE.","Provided survey personnel and equipment for Geophysical / Engineering survey in Jamnagar, Gujarat, West Coast of India","Jamnagar, Gujarat",India,Survey & Geoscience Contractors,Asia,Geophysical Survey,Geophysical Survey; Consultancy for Offshore Projects,01-11-2006,Completed in February 2007.,"Provided survey personnel and equipment for Geophysical / Engineering survey in Jamnagar, Gujarat, West Coast of India. (Completed in February 2007.)",22.47,70.06
"Western Geco International Pvt. Ltd.,","Carried out Scouting Surveys off Mukta field, West Coast of India.",Mumbai High Offshore,India,Oil & Gas,Asia,Wide Area Positioning Services,Wide Area Positioning Services,01-10-2006,Completed in May 2007,"Carried out Scouting Surveys off Mukta field, West Coast of India (Completed in May 2007)",19.3,71.3
EGS (Asia) Ltd.,"Cable route survey off Trivandrum, West Coast of India for FLAG/Alcatel","Vizhinjam, Kerala",India,Submarine Cable Contractors,Asia,Submarine Cable Route Surveys,Submarine Cable Route Surveys,01-09-2006,Completed in October 2006,"Cable route survey off Trivandrum, West Coast of India for FLAG/Alcatel. (Completed in October 2006)",8.3784,76.9905
National Iranian Oil Company / Iranian Offshore Engg & Construction Company.,Geophysical / Engineering survey of pipeline route in South Pars field (Persian Gulf),Persian Gulf (Iraq),Iraq,Oil & Gas,Middle East,Offshore Platform Site & Pipeline Route Surveys,Offshore Platform Site & Pipeline Route Surveys; Geophysical Survey,01-08-2006,Completed in September 2006,Geophysical / Engineering survey of pipeline route in South Pars field (Persian Gulf). (Completed in September 2006),29.85,48.8
EGS (Asia) Ltd.,Cable route survey project off Sudan for FLAG/Alcatel,Port Sudan,Sudan,Submarine Cable Contractors,Africa,Submarine Cable Route Surveys,Submarine Cable Route Surveys,01-08-2006,Completed in August 2006,Cable route survey project off Sudan for FLAG/Alcatel. (Completed in August 2006),19.62,37.22
EGS (Asia) Ltd.,"Cable route survey off Trivandrum, West Coast of India for FLAG/Alcatel","Vizhinjam, Kerala",India,Submarine Cable Contractors,Asia,Submarine Cable Route Surveys,Submarine Cable Route Surveys,01-06-2006,Completed in July 2006,"Cable route survey off Trivandrum, West Coast of India for FLAG/Alcatel. (Completed in July 2006)",8.3784,76.9905
EGS (Asia) Ltd.,"Cable route survey from Male to Hulumale, Hulumale to Trivandrum, Cha Bahar to Iran, Cha Bahar to BU, Sudan Port to BU for FLAG/Alcatel.",Maldives,Maldives,Submarine Cable Contractors,Asia,Submarine Cable Route Surveys,Submarine Cable Route Surveys,01-05-2006,Completed in May 2006,"Cable route survey from Male to Hulumale, Hulumale to Trivandrum, Cha Bahar to Iran, Cha Bahar to BU, Sudan Port to BU for FLAG/Alcatel (Completed in May 2006)",4.17,73.51
VJM Resorts Pvt. Ltd.7(UB Group),"Hydrographic, Geophysical and Oceanographic surveys off Lakshadweep islands.",Lakshadweep,India,Other,Asia,Shallow & Deep Water Oceanography,Shallow & Deep Water Oceanography; Geophysical Survey; Bathymetry Survey,01-04-2006,Project completed in April 2006,"Hydrographic, Geophysical and Oceanographic surveys off Lakshadweep islands (Project completed in April 2006)",10.57,72.64
EGS (Asia) Ltd.,Cable route survey from Tuticorin to Sri Lanka for BSNL off South Coast of India,Sri Lanka,Sri Lanka,Submarine Cable Contractors,Asia,Submarine Cable Route Surveys,Submarine Cable Route Surveys,01-03-2006,Project completed in March 2006,Cable route survey from Tuticorin to Sri Lanka for BSNL off South Coast of India. (Project completed in March 2006),6.93,79.84
GAIL India Ltd.,Pipeline Depth Monitoring Survey at Perennial River Crossings under HVJ Pipeline Network,India,India,Oil & Gas,Asia,Pipeline Route Surveys,Offshore Platform Site & Pipeline Route Surveys,15-06-2026,,Hiring of contract for pipeline depth monitoring survey at perennial river crossing locations under HVJ pipeline network.,23.2599,77.4126
GAIL India Ltd.,Pipeline Profile Survey for GAIL Maharashtra NG Pipeline Network,Maharashtra,India,Oil & Gas,Asia,Pipeline Route Surveys,Offshore Platform Site & Pipeline Route Surveys,15-06-2026,,"Hiring of contract services for pipeline profile surveys utilizing Bathymetry, Sub-Bottom Profiler, and Side Scan Sonar for pipeline river crossings across the GAIL Maharashtra Natural Gas (NG) Pipeline Network.",19.7515,75.7139
CPT Projects Pvt. Ltd.,Veripos Positioning Services - VMT Vathi,Mumbai Offshore,India,"Marine Salvage, Diving & Shipping",Asia,Wide Area Positioning Services,Wide Area Positioning Services,01-02-2022,,Provision of Veripos wide-area GNSS positioning services aboard VMT Vathi for CPT Projects Pvt. Ltd.. Agreement period: Feb'22 - 25 Jan'25/ 25 Jan'25-24 Jan'28. Extended for 03 years.,19.3,71.6
Hind Offshore Pvt. Ltd.,Veripos Positioning Services - Lady Grace,Mumbai Offshore,India,"Marine Salvage, Diving & Shipping",Asia,Wide Area Positioning Services,Wide Area Positioning Services,01-06-2016,,Provision of Veripos wide-area GNSS positioning services aboard Lady Grace for Hind Offshore Pvt. Ltd.. Agreement period: 01 Jun'16 - 21 Mar'28.,19.3,71.6
Hind Offshore Pvt. Ltd.,Veripos Positioning Services - Lady Sandra,Mumbai Offshore,India,"Marine Salvage, Diving & Shipping",Asia,Wide Area Positioning Services,Wide Area Positioning Services,01-02-2018,Completed in Nov 2023,Provision of Veripos wide-area GNSS positioning services aboard Lady Sandra for Hind Offshore Pvt. Ltd.. Agreement period: 23 Feb'18 - 22 Nov'23. Scrapped due to ageing.,19.3,71.6
Hind Offshore Pvt. Ltd.,Veripos Positioning Services - Sea Prestige,Mumbai Offshore,India,"Marine Salvage, Diving & Shipping",Asia,Wide Area Positioning Services,Wide Area Positioning Services,01-06-2016,,Provision of Veripos wide-area GNSS positioning services aboard Sea Prestige for Hind Offshore Pvt. Ltd.. Agreement period: 01 Jun'16 - 21 Mar'28.,19.3,71.6
Hind Offshore Pvt. Ltd.,Veripos Positioning Services - Sea Cheetah,Mumbai Offshore,India,"Marine Salvage, Diving & Shipping",Asia,Wide Area Positioning Services,Wide Area Positioning Services,01-06-2016,,Provision of Veripos wide-area GNSS positioning services aboard Sea Cheetah for Hind Offshore Pvt. Ltd.. Agreement period: 01 Jun'16 - 21 Mar'28.,19.3,71.6
Greatship (India) Ltd.,Veripos Positioning Services - Greatship Aarti,Mumbai Offshore,India,"Marine Salvage, Diving & Shipping",Asia,Wide Area Positioning Services,Wide Area Positioning Services,01-04-2015,,Provision of Veripos wide-area GNSS positioning services aboard Greatship Aarti for Greatship (India) Ltd.. Agreement period: 01 Apr'15-30 Apr'26/ 01 May'26-30 Apr'29. Renewed for 3 years from 1st May'26.,19.3,71.6
Greatship (India) Ltd.,Veripos Positioning Services - Greatship Ahalya,Mumbai Offshore,India,"Marine Salvage, Diving & Shipping",Asia,Wide Area Positioning Services,Wide Area Positioning Services,01-04-2015,,Provision of Veripos wide-area GNSS positioning services aboard Greatship Ahalya for Greatship (India) Ltd.. Agreement period: 01 Apr'15-30 Apr'26/ 01 May'26-30 Apr'29.,19.3,71.6
Greatship (India) Ltd.,Veripos Positioning Services - Greatship Amrita,Mumbai Offshore,India,"Marine Salvage, Diving & Shipping",Asia,Wide Area Positioning Services,Wide Area Positioning Services,01-04-2015,,Provision of Veripos wide-area GNSS positioning services aboard Greatship Amrita for Greatship (India) Ltd.. Agreement period: 01 Apr'15-30 Apr'26/ 01 May'26-30 Apr'29.,19.3,71.6
Greatship (India) Ltd.,Veripos Positioning Services - Greatship Anjali,Mumbai Offshore,India,"Marine Salvage, Diving & Shipping",Asia,Wide Area Positioning Services,Wide Area Positioning Services,01-04-2015,,Provision of Veripos wide-area GNSS positioning services aboard Greatship Anjali for Greatship (India) Ltd.. Agreement period: 01 Apr'15-30 Apr'26/ 01 May'26-30 Apr'29.,19.3,71.6
Greatship (India) Ltd.,Veripos Positioning Services - Greatship Dhriti,Mumbai Offshore,India,"Marine Salvage, Diving & Shipping",Asia,Wide Area Positioning Services,Wide Area Positioning Services,01-04-2015,,Provision of Veripos wide-area GNSS positioning services aboard Greatship Dhriti for Greatship (India) Ltd.. Agreement period: 01 Apr'15-30 Apr'26/ 01 May'26-30 Apr'29.,19.3,71.6
Greatship (India) Ltd.,Veripos Positioning Services - Greatship Dhwani,Mumbai Offshore,India,"Marine Salvage, Diving & Shipping",Asia,Wide Area Positioning Services,Wide Area Positioning Services,01-04-2015,,Provision of Veripos wide-area GNSS positioning services aboard Greatship Dhwani for Greatship (India) Ltd.. Agreement period: 01 Apr'15-30 Apr'26/ 01 May'26-30 Apr'29.,19.3,71.6
Greatship (India) Ltd.,Veripos Positioning Services - Greatship Dipti,Mumbai Offshore,India,"Marine Salvage, Diving & Shipping",Asia,Wide Area Positioning Services,Wide Area Positioning Services,01-04-2015,,Provision of Veripos wide-area GNSS positioning services aboard Greatship Dipti for Greatship (India) Ltd.. Agreement period: 01 Apr'15-30 Apr'26/ 01 May'26-30 Apr'29.,19.3,71.6
Greatship (India) Ltd.,Veripos Positioning Services - Greatship Disha,Mumbai Offshore,India,"Marine Salvage, Diving & Shipping",Asia,Wide Area Positioning Services,Wide Area Positioning Services,01-04-2015,Completed in Mar 2016,Provision of Veripos wide-area GNSS positioning services aboard Greatship Disha for Greatship (India) Ltd.. Agreement period: 01 Apr'15-31 Mar'16. Vessel sold to other region/client.,19.3,71.6
Greatship (India) Ltd.,Veripos Positioning Services - Greatship Ramya,Mumbai Offshore,India,"Marine Salvage, Diving & Shipping",Asia,Wide Area Positioning Services,Wide Area Positioning Services,01-04-2015,Completed in Jan 2019,Provision of Veripos wide-area GNSS positioning services aboard Greatship Ramya for Greatship (India) Ltd.. Agreement period: 01 Apr'15-31 Jan'19. Vessel moved to other region office.,19.3,71.6
Greatship (India) Ltd.,Veripos Positioning Services - Greatship Vidya,Mumbai Offshore,India,"Marine Salvage, Diving & Shipping",Asia,Wide Area Positioning Services,Wide Area Positioning Services,01-04-2015,,Provision of Veripos wide-area GNSS positioning services aboard Greatship Vidya for Greatship (India) Ltd.. Agreement period: 01 Apr'15-30 Apr'26/ 01 May'26-30 Apr'29. Renewed for 3 years from 1st May'26.,19.3,71.6
Greatship (India) Ltd.,Veripos Positioning Services - Greatship Vimla,Mumbai Offshore,India,"Marine Salvage, Diving & Shipping",Asia,Wide Area Positioning Services,Wide Area Positioning Services,01-04-2015,,Provision of Veripos wide-area GNSS positioning services aboard Greatship Vimla for Greatship (India) Ltd.. Agreement period: 01 Apr'15-30 Apr'26/ 01 May'26-30 Apr'29.,19.3,71.6
SS Offshore Pvt. Ltd.,Veripos Positioning Services - Sagar Energy,Mumbai Offshore,India,"Marine Salvage, Diving & Shipping",Asia,Wide Area Positioning Services,Wide Area Positioning Services,01-12-2021,,Provision of Veripos wide-area GNSS positioning services aboard Sagar Energy for SS Offshore Pvt. Ltd.. Agreement period: 07 Dec'21-06 Mar'27.,19.3,71.6
SS Offshore Pvt. Ltd.,Veripos Positioning Services - Sagar Fortune,Mumbai Offshore,India,"Marine Salvage, Diving & Shipping",Asia,Wide Area Positioning Services,Wide Area Positioning Services,01-04-2018,,Provision of Veripos wide-area GNSS positioning services aboard Sagar Fortune for SS Offshore Pvt. Ltd.. Agreement period: Apr'18-Mar'21/Apr'21-Mar'26/Apr'26-Mar'27.,19.3,71.6
SS Offshore Pvt. Ltd.,Veripos Positioning Services - Sagar Pride,Mumbai Offshore,India,"Marine Salvage, Diving & Shipping",Asia,Wide Area Positioning Services,Wide Area Positioning Services,01-10-2020,,Provision of Veripos wide-area GNSS positioning services aboard Sagar Pride for SS Offshore Pvt. Ltd.. Agreement period: 22 Oct'20-14 Apr'27.,19.3,71.6
Manna Shipping,Veripos Positioning Services - Albatross-5,Mumbai Offshore,India,"Marine Salvage, Diving & Shipping",Asia,Wide Area Positioning Services,Wide Area Positioning Services,01-01-2019,,Provision of Veripos wide-area GNSS positioning services aboard Albatross-5 for Manna Shipping. Agreement period: Jan'19-Jan'27.,19.3,71.6
Manna Shipping,Veripos Positioning Services - Manna-15,Mumbai Offshore,India,"Marine Salvage, Diving & Shipping",Asia,Wide Area Positioning Services,Wide Area Positioning Services,01-04-2023,,Provision of Veripos wide-area GNSS positioning services aboard Manna-15 for Manna Shipping. Agreement period: 21 Apr'23-20 Apr'27.,19.3,71.6
Raj Shipping,Veripos Positioning Services - Offshore Ranger,Mumbai Offshore,India,"Marine Salvage, Diving & Shipping",Asia,Wide Area Positioning Services,Wide Area Positioning Services,01-09-2014,Completed in Aug 2025,Provision of Veripos wide-area GNSS positioning services aboard Offshore Ranger for Raj Shipping. Agreement period: Sep'14-Aug'25.,19.3,71.6
Raj Shipping,Veripos Positioning Services - Offshore Energy,Mumbai Offshore,India,"Marine Salvage, Diving & Shipping",Asia,Wide Area Positioning Services,Wide Area Positioning Services,01-09-2019,Completed in Jan 2024,Provision of Veripos wide-area GNSS positioning services aboard Offshore Energy for Raj Shipping. Agreement period: 18 Sep'19- Jan'24. Sold due to ageing.,19.3,71.6
Raj Shipping,Veripos Positioning Services - Offshore Adventure,Mumbai Offshore,India,"Marine Salvage, Diving & Shipping",Asia,Wide Area Positioning Services,Wide Area Positioning Services,01-09-2024,,Provision of Veripos wide-area GNSS positioning services aboard Offshore Adventure for Raj Shipping. Agreement period: 17 Sep'24-30 Nov'26.,19.3,71.6
Raj Shipping,Veripos Positioning Services - Offshore Monarch,Mumbai Offshore,India,"Marine Salvage, Diving & Shipping",Asia,Wide Area Positioning Services,Wide Area Positioning Services,01-08-2025,,Provision of Veripos wide-area GNSS positioning services aboard Offshore Monarch for Raj Shipping. Agreement period: Aug'25-Nov'26.,19.3,71.6
Global Offshore,Veripos Positioning Services - Mahananda,Mumbai Offshore,India,"Marine Salvage, Diving & Shipping",Asia,Wide Area Positioning Services,Wide Area Positioning Services,01-11-2012,Completed in Nov 2025,Provision of Veripos wide-area GNSS positioning services aboard Mahananda for Global Offshore. Agreement period: Nov'12-Nov'25.,19.3,71.6
Global Offshore,Veripos Positioning Services - Mahanadi,Mumbai Offshore,India,"Marine Salvage, Diving & Shipping",Asia,Wide Area Positioning Services,Wide Area Positioning Services,01-09-2025,Completed in Apr 2026,Provision of Veripos wide-area GNSS positioning services aboard Mahanadi for Global Offshore. Agreement period: 28 Sep'25-27 Apr'26.,19.3,71.6
Global Offshore,Veripos Positioning Services - Meghna,Mumbai Offshore,India,"Marine Salvage, Diving & Shipping",Asia,Wide Area Positioning Services,Wide Area Positioning Services,01-04-2012,Completed in Mar 2020,Provision of Veripos wide-area GNSS positioning services aboard Meghna for Global Offshore. Agreement period: Apr'12-Mar'20. Sold due to ageing.,19.3,71.6
Global Offshore,Veripos Positioning Services - Mana,Mumbai Offshore,India,"Marine Salvage, Diving & Shipping",Asia,Wide Area Positioning Services,Wide Area Positioning Services,01-04-2011,Completed in Aug 2022,Provision of Veripos wide-area GNSS positioning services aboard Mana for Global Offshore. Agreement period: Apr'11-Aug'22. Vessel sold to other region/client.,19.3,71.6
Vision Maritime,Veripos Positioning Services - Nila Pertama,Mumbai Offshore,India,"Marine Salvage, Diving & Shipping",Asia,Wide Area Positioning Services,Wide Area Positioning Services,01-11-2024,,Provision of Veripos wide-area GNSS positioning services aboard Nila Pertama for Vision Maritime. Agreement period: 20 Nov'24-19 Nov'26.,19.3,71.6
Glory Shipmanagement,Veripos Positioning Services - Shubhaprada,Mumbai Offshore,India,"Marine Salvage, Diving & Shipping",Asia,Wide Area Positioning Services,Wide Area Positioning Services,01-04-2019,,Provision of Veripos wide-area GNSS positioning services aboard Shubhaprada for Glory Shipmanagement. Agreement period: Apr'19-Dec'26.,19.3,71.6
Glory Shipmanagement,Veripos Positioning Services - Malaviya-16,Mumbai Offshore,India,"Marine Salvage, Diving & Shipping",Asia,Wide Area Positioning Services,Wide Area Positioning Services,01-04-2022,Completed in Jun 2026,Provision of Veripos wide-area GNSS positioning services aboard Malaviya-16 for Glory Shipmanagement. Agreement period: 24 Apr'22-09 Jun'26.,19.3,71.6
Glory Shipmanagement,Veripos Positioning Services - Malaviya-18,Mumbai Offshore,India,"Marine Salvage, Diving & Shipping",Asia,Wide Area Positioning Services,Wide Area Positioning Services,01-09-2022,Completed in Apr 2026,Provision of Veripos wide-area GNSS positioning services aboard Malaviya-18 for Glory Shipmanagement. Agreement period: 19 Sep'22-05 Apr'26.,19.3,71.6
Glory Shipmanagement,Veripos Positioning Services - PFS Supplier,Mumbai Offshore,India,"Marine Salvage, Diving & Shipping",Asia,Wide Area Positioning Services,Wide Area Positioning Services,01-02-2019,Completed in Jan 2025,Provision of Veripos wide-area GNSS positioning services aboard PFS Supplier for Glory Shipmanagement. Agreement period: Feb'19- Jan'25.,19.3,71.6
Star Tugs Pvt. Ltd.,Veripos Positioning Services - Aquaman,Mumbai Offshore,India,"Marine Salvage, Diving & Shipping",Asia,Wide Area Positioning Services,Wide Area Positioning Services,01-04-2021,,Provision of Veripos wide-area GNSS positioning services aboard Aquaman for Star Tugs Pvt. Ltd.. Agreement period: Apr'21-Jul'26.,19.3,71.6
Star Tugs Pvt. Ltd.,Veripos Positioning Services - Persistence,Mumbai Offshore,India,"Marine Salvage, Diving & Shipping",Asia,Wide Area Positioning Services,Wide Area Positioning Services,01-03-2025,,Provision of Veripos wide-area GNSS positioning services aboard Persistence for Star Tugs Pvt. Ltd.. Agreement period: 28 Mar'25- 1 Aug'26.,19.3,71.6
Star Tugs Pvt. Ltd.,Veripos Positioning Services - Thor-1,Mumbai Offshore,India,"Marine Salvage, Diving & Shipping",Asia,Wide Area Positioning Services,Wide Area Positioning Services,01-03-2020,Completed in Apr 2020,Provision of Veripos wide-area GNSS positioning services aboard Thor-1 for Star Tugs Pvt. Ltd.. Agreement period: Mar'20-Apr'20. Short term. Sold due to ageing.,19.3,71.6
Star Matrix Pvt. Ltd.,Veripos Positioning Services - Atlanna,Mumbai Offshore,India,"Marine Salvage, Diving & Shipping",Asia,Wide Area Positioning Services,Wide Area Positioning Services,01-06-2024,,Provision of Veripos wide-area GNSS positioning services aboard Atlanna for Star Matrix Pvt. Ltd.. Agreement period: 23 Jun'24-22 Dec'26.,19.3,71.6
Universal Maritime/Hemres Maritime (Agents),Veripos Positioning Services - Stark,Mumbai Offshore,India,"Marine Salvage, Diving & Shipping",Asia,Wide Area Positioning Services,Wide Area Positioning Services,01-03-2022,,Provision of Veripos wide-area GNSS positioning services aboard Stark for Universal Maritime/Hemres Maritime (Agents). Agreement period: Mar'22-Jun'27.,19.3,71.6
Universal Maritime/Hemres Maritime (Agents),Veripos Positioning Services - Angel Jacqueline,Mumbai Offshore,India,"Marine Salvage, Diving & Shipping",Asia,Wide Area Positioning Services,Wide Area Positioning Services,01-11-2024,Completed in Nov 2025,Provision of Veripos wide-area GNSS positioning services aboard Angel Jacqueline for Universal Maritime/Hemres Maritime (Agents). Agreement period: Nov'24-Nov'25.,19.3,71.6
J Bulk Shipping,Veripos Positioning Services - NBA Bless,Mumbai Offshore,India,"Marine Salvage, Diving & Shipping",Asia,Wide Area Positioning Services,Wide Area Positioning Services,01-03-2024,,Provision of Veripos wide-area GNSS positioning services aboard NBA Bless for J Bulk Shipping. Agreement period: Mar'24-Mar'27.,19.3,71.6
Hemres Maritime,Veripos Positioning Services - Vega Juniz,Mumbai Offshore,India,"Marine Salvage, Diving & Shipping",Asia,Wide Area Positioning Services,Wide Area Positioning Services,01-01-2026,,Provision of Veripos wide-area GNSS positioning services aboard Vega Juniz for Hemres Maritime. Agreement period: 25 Jan'26-25 Jan'27.,19.3,71.6
Shipworkz Marine Services LLC,Veripos Positioning Services - Aina,Mumbai Offshore,India,"Marine Salvage, Diving & Shipping",Asia,Wide Area Positioning Services,Wide Area Positioning Services,01-01-2025,,Provision of Veripos wide-area GNSS positioning services aboard Aina for Shipworkz Marine Services LLC. Agreement period: 15 Jan'25-14Jan'27.,19.3,71.6
Librus Energy/Adsun Offshore,Veripos Positioning Services - Taurus-24 (Ex-Manna 7),Mumbai Offshore,India,"Marine Salvage, Diving & Shipping",Asia,Wide Area Positioning Services,Wide Area Positioning Services,01-04-2025,Completed in Apr 2026,Provision of Veripos wide-area GNSS positioning services aboard Taurus-24 (Ex-Manna 7) for Librus Energy/Adsun Offshore. Agreement period: 24 Apr'25-23 Apr'26.,19.3,71.6
Hoger Offshore,Veripos Positioning Services - Tag-13,Mumbai Offshore,India,"Marine Salvage, Diving & Shipping",Asia,Wide Area Positioning Services,Wide Area Positioning Services,01-10-2022,Completed in Sep 2025,Provision of Veripos wide-area GNSS positioning services aboard Tag-13 for Hoger Offshore. Agreement period: Oct'22-Sep'25.,19.3,71.6
Hoger Offshore,Veripos Positioning Services - Ma Devi,Mumbai Offshore,India,"Marine Salvage, Diving & Shipping",Asia,Wide Area Positioning Services,Wide Area Positioning Services,01-06-2016,Completed in Jun 2018,Provision of Veripos wide-area GNSS positioning services aboard Ma Devi for Hoger Offshore. Agreement period: Jun'16-Jun'18. Sold due to ageing.,19.3,71.6
GSI,Veripos Positioning Services - Samudra Ratnakar,Mumbai Offshore,India,"Marine Salvage, Diving & Shipping",Asia,Wide Area Positioning Services,Wide Area Positioning Services,01-08-2014,,Provision of Veripos wide-area GNSS positioning services aboard Samudra Ratnakar for GSI. Agreement period: Aug'14-Oct'26. Veripos Singapore.,19.3,71.6
Alphard Maritime,Veripos Positioning Services - Tag-10,Mumbai Offshore,India,"Marine Salvage, Diving & Shipping",Asia,Wide Area Positioning Services,Wide Area Positioning Services,01-04-2023,Completed in Dec 2023,Provision of Veripos wide-area GNSS positioning services aboard Tag-10 for Alphard Maritime. Agreement period: Apr'23-Dec'23. Vessel sold to other region/client.,19.3,71.6
JT Marine,Veripos Positioning Services - Tag-15,Mumbai Offshore,India,"Marine Salvage, Diving & Shipping",Asia,Wide Area Positioning Services,Wide Area Positioning Services,01-06-2021,Completed in May 2024,Provision of Veripos wide-area GNSS positioning services aboard Tag-15 for JT Marine. Agreement period: Jun'21-May'24. Vessel sold to other region/client.,19.3,71.6
ABS Marine Services Pvt. Ltd.,Veripos Positioning Services - ABS Amelia,Mumbai Offshore,India,"Marine Salvage, Diving & Shipping",Asia,Wide Area Positioning Services,Wide Area Positioning Services,01-02-2022,Completed in Jan 2025,Provision of Veripos wide-area GNSS positioning services aboard ABS Amelia for ABS Marine Services Pvt. Ltd.. Agreement period: Feb'22 - Jan'25.,19.3,71.6
Can Offshore,Veripos Positioning Services - Canara Pride,Mumbai Offshore,India,"Marine Salvage, Diving & Shipping",Asia,Wide Area Positioning Services,Wide Area Positioning Services,01-02-2019,Completed in Feb 2024,Provision of Veripos wide-area GNSS positioning services aboard Canara Pride for Can Offshore. Agreement period: Feb'19-Feb'24. Vessel sold to other client.,19.3,71.6
Great Offshore Ltd,Veripos Positioning Services - Malaviya-24,Mumbai Offshore,India,"Marine Salvage, Diving & Shipping",Asia,Wide Area Positioning Services,Wide Area Positioning Services,01-04-2008,Completed in Jan 2015,Provision of Veripos wide-area GNSS positioning services aboard Malaviya-24 for Great Offshore Ltd. Agreement period: Apr'08-Jan'15. Company closed.,19.3,71.6
Great Offshore Ltd,Veripos Positioning Services - Malaviya-25,Mumbai Offshore,India,"Marine Salvage, Diving & Shipping",Asia,Wide Area Positioning Services,Wide Area Positioning Services,01-04-2008,Completed in Jan 2015,Provision of Veripos wide-area GNSS positioning services aboard Malaviya-25 for Great Offshore Ltd. Agreement period: Apr'08-Jan'15.,19.3,71.6
Great Offshore Ltd,Veripos Positioning Services - Malaviya-27,Mumbai Offshore,India,"Marine Salvage, Diving & Shipping",Asia,Wide Area Positioning Services,Wide Area Positioning Services,01-04-2008,Completed in Jan 2015,Provision of Veripos wide-area GNSS positioning services aboard Malaviya-27 for Great Offshore Ltd. Agreement period: Apr'08-Jan'15.,19.3,71.6
PFS Shipping,Veripos Positioning Services - PFS Brave,Mumbai Offshore,India,"Marine Salvage, Diving & Shipping",Asia,Wide Area Positioning Services,Wide Area Positioning Services,01-01-2012,Completed in Apr 2019,Provision of Veripos wide-area GNSS positioning services aboard PFS Brave for PFS Shipping. Agreement period: Jan'12-Apr'19. Company closed.,19.3,71.6
PFS Shipping,Veripos Positioning Services - PFS Courage,Mumbai Offshore,India,"Marine Salvage, Diving & Shipping",Asia,Wide Area Positioning Services,Wide Area Positioning Services,01-01-2012,Completed in Apr 2019,Provision of Veripos wide-area GNSS positioning services aboard PFS Courage for PFS Shipping. Agreement period: Jan'12-Apr'19.,19.3,71.6
CSIR-NIO Goa,Veripos Positioning Services - Sindhu Sadhana,Goa,India,"Marine Salvage, Diving & Shipping",Asia,Wide Area Positioning Services,Wide Area Positioning Services,01-05-2020,Concluded,Provision of Veripos wide-area GNSS positioning services aboard Sindhu Sadhana for CSIR-NIO Goa. Agreement period: Under Veripos till May'20. Veripos lost tender.,15.4,73.8
Tag Offshore,Veripos Positioning Services - Tag-4 to 15 & 17 to 21,Mumbai Offshore,India,"Marine Salvage, Diving & Shipping",Asia,Wide Area Positioning Services,Wide Area Positioning Services,01-04-2013,Completed in Mar 2019,Provision of Veripos wide-area GNSS positioning services aboard Tag-4 to 15 & 17 to 21 for Tag Offshore. Agreement period: Apr'13-Mar'19. Company closed.,19.3,71.6
Hind Offshore,Veripos Positioning Services - Energy Girl,Mumbai Offshore,India,"Marine Salvage, Diving & Shipping",Asia,Wide Area Positioning Services,Wide Area Positioning Services,01-07-2014,Completed in Dec 2015,Provision of Veripos wide-area GNSS positioning services aboard Energy Girl for Hind Offshore. Agreement period: Jul'14-Dec'15. Vessel since scrapped.,19.3,71.6
Global Offshore,Veripos Positioning Services - Poorna,Mumbai Offshore,India,"Marine Salvage, Diving & Shipping",Asia,Wide Area Positioning Services,Wide Area Positioning Services,01-05-2013,Completed in Jun 2014,Provision of Veripos wide-area GNSS positioning services aboard Poorna for Global Offshore. Agreement period: May'13-Jun'14. Vessel since sold.,19.3,71.6
L&T Hydrocarbon (Sapura),Veripos Positioning Services - LTS 3000,Mumbai Offshore,India,"Marine Salvage, Diving & Shipping",Asia,Wide Area Positioning Services,Wide Area Positioning Services,01-05-2025,,"Provision of Veripos wide-area GNSS positioning services aboard LTS 3000 for L&T Hydrocarbon (Sapura). New installation carried out by Ocean Science, May'25. Agreement ongoing.",19.3,71.6
Librus/Adsun,Veripos Positioning Services - Adsun Genesis,Mumbai Offshore,India,"Marine Salvage, Diving & Shipping",Asia,Wide Area Positioning Services,Wide Area Positioning Services,01-02-2025,,Provision of Veripos wide-area GNSS positioning services aboard Adsun Genesis for Librus/Adsun. Agreement from Feb'25. Vessel currently non-operational (under refit).,19.3,71.6
EMAS,Veripos Positioning Services - Lewek Altair,Singapore,Singapore,"Marine Salvage, Diving & Shipping",Asia,Wide Area Positioning Services,Wide Area Positioning Services,01-09-2014,Completed in Oct 2014,Provision of Veripos wide-area GNSS positioning services aboard Lewek Altair for EMAS. Agreement period: Sep'14-Oct'14. Installation handled by Veripos Singapore.,1.3521,103.8198
EMAS,Veripos Positioning Services - Lewek Atlas,Singapore,Singapore,"Marine Salvage, Diving & Shipping",Asia,Wide Area Positioning Services,Wide Area Positioning Services,01-10-2017,Completed in Oct 2017,Provision of Veripos wide-area GNSS positioning services aboard Lewek Atlas for EMAS. Engagement Oct'17. Installation handled by Veripos Singapore.,1.3521,103.8198
Allianz Marine,Veripos Positioning Services - Allianz Palladium,United Arab Emirates,United Arab Emirates,"Marine Salvage, Diving & Shipping",Middle East,Wide Area Positioning Services,Wide Area Positioning Services,01-03-2019,Completed in Mar 2020,"Provision of Veripos wide-area GNSS positioning services aboard Allianz Palladium for Allianz Marine. Engagements in Mar'19 and Mar'20 across Allianz Palladium, Silver and Titanium; per-vessel split not recorded. UAE-operated vessel.",25.2,55.3
Allianz Marine,Veripos Positioning Services - Allianz Silver,United Arab Emirates,United Arab Emirates,"Marine Salvage, Diving & Shipping",Middle East,Wide Area Positioning Services,Wide Area Positioning Services,01-03-2019,Completed in Mar 2020,"Provision of Veripos wide-area GNSS positioning services aboard Allianz Silver for Allianz Marine. Engagements in Mar'19 and Mar'20 across Allianz Palladium, Silver and Titanium; per-vessel split not recorded. UAE-operated vessel.",25.2,55.3
Allianz Marine,Veripos Positioning Services - Allianz Titanium,United Arab Emirates,United Arab Emirates,"Marine Salvage, Diving & Shipping",Middle East,Wide Area Positioning Services,Wide Area Positioning Services,01-03-2019,Completed in Mar 2020,"Provision of Veripos wide-area GNSS positioning services aboard Allianz Titanium for Allianz Marine. Engagements in Mar'19 and Mar'20 across Allianz Palladium, Silver and Titanium; per-vessel split not recorded. UAE-operated vessel.",25.2,55.3
MMA Shipping,Veripos Positioning Services - MMA Pinnacle,Singapore,Singapore,"Marine Salvage, Diving & Shipping",Asia,Wide Area Positioning Services,Wide Area Positioning Services,01-02-2017,Completed in Feb 2017,Provision of Veripos wide-area GNSS positioning services aboard MMA Pinnacle for MMA Shipping. Engagement Feb'17. Installation handled by Veripos Singapore.,1.3521,103.8198
Koleth (S) Pte,Veripos Positioning Services - NPP Nusantara,Singapore,Singapore,"Marine Salvage, Diving & Shipping",Asia,Wide Area Positioning Services,Wide Area Positioning Services,01-09-2021,Completed in Sep 2021,Provision of Veripos wide-area GNSS positioning services aboard NPP Nusantara for Koleth (S) Pte. Engagement Sep'21.,1.3521,103.8198
Canyon (Helix),Veripos Positioning Services - Olympic Canyon,Mumbai Offshore,India,"Marine Salvage, Diving & Shipping",Asia,Wide Area Positioning Services,Wide Area Positioning Services,01-07-2014,Completed in Jul 2014,Provision of Veripos wide-area GNSS positioning services aboard Olympic Canyon for Canyon (Helix). Engagement Jul'14. Operating region not recorded in the sheet; Mumbai Offshore default.,19.3,71.6
